,Date,Open,Close,Adj_Close,High,Low,Symbol
0,2012-11-26,19.690001,19.889999,17.422814,19.92,19.620001,INTC
1,2012-11-27,19.950001,19.93,17.457853,20.190001,19.92,INTC
2,2012-11-28,19.889999,20.09,17.598006,20.110001,19.639999,INTC
3,2012-11-29,19.83,19.530001,17.10747,20.040001,19.459999,INTC
4,2012-11-30,19.629999,19.57,17.142508,19.77,19.42,INTC
5,2012-12-03,19.879999,19.540001,17.11623,19.92,19.50,INTC
6,2012-12-04,19.629999,19.969999,17.492891,20.049999,19.610001,INTC
7,2012-12-05,19.940001,19.85,17.387777,20.02,19.74,INTC
8,2012-12-06,19.99,20.16,17.659323,20.290001,19.969999,INTC
9,2012-12-07,20.33,20.16,17.659323,20.360001,20.030001,INTC
10,2012-12-10,20.15,20.08,17.589247,20.17,19.98,INTC
11,2012-12-11,20.16,20.65,18.088543,20.74,20.15,INTC
12,2012-12-12,20.860001,20.67,18.106062,20.99,20.540001,INTC
13,2012-12-13,20.629999,20.49,17.94839,20.92,20.440001,INTC
14,2012-12-14,20.52,20.530001,17.983429,20.74,20.35,INTC
15,2012-12-17,20.549999,20.57,18.018466,20.690001,20.360001,INTC
16,2012-12-18,20.68,20.959999,18.360089,20.99,20.57,INTC
17,2012-12-19,21.07,21.10,18.482725,21.309999,20.860001,INTC
18,2012-12-20,21.209999,21.030001,18.421408,21.24,20.879999,INTC
19,2012-12-21,20.66,20.77,18.193658,20.85,20.48,INTC
20,2012-12-24,20.65,20.639999,18.079783,20.73,20.51,INTC
21,2012-12-26,20.74,20.65,18.088543,20.93,20.639999,INTC
22,2012-12-27,20.700001,20.51,17.965909,20.76,20.309999,INTC
23,2012-12-28,20.35,20.23,17.72064,20.49,20.209999,INTC
24,2012-12-31,20.25,20.620001,18.062265,20.66,20.16,INTC
25,2013-01-02,21.15,21.379999,18.727992,21.379999,21.049999,INTC
26,2013-01-03,21.40,21.32,18.675435,21.48,21.139999,INTC
27,2013-01-04,21.360001,21.16,18.535282,21.389999,21.049999,INTC
28,2013-01-07,21.280001,21.25,18.614118,21.450001,21.18,INTC
29,2013-01-08,21.23,21.09,18.473965,21.559999,21.02,INTC
30,2013-01-09,21.219999,21.450001,18.789311,21.469999,21.200001,INTC
31,2013-01-10,21.610001,21.799999,19.095895,21.82,21.530001,INTC
32,2013-01-11,21.799999,22.00,19.271087,22.07,21.77,INTC
33,2013-01-14,21.98,22.00,19.271087,22.129999,21.75,INTC
34,2013-01-15,21.950001,21.879999,19.165971,22.129999,21.780001,INTC
35,2013-01-16,21.91,22.110001,19.367443,22.200001,21.85,INTC
36,2013-01-17,22.120001,22.68,19.866739,23.059999,22.110001,INTC
37,2013-01-18,21.360001,21.25,18.614118,21.440001,21.030001,INTC
38,2013-01-22,21.280001,21.17,18.544042,21.290001,21.030001,INTC
39,2013-01-23,21.200001,21.110001,18.491485,21.219999,21.040001,INTC
40,2013-01-24,21.10,20.950001,18.351331,21.18,20.93,INTC
41,2013-01-25,21.040001,20.959999,18.360089,21.07,20.879999,INTC
42,2013-01-28,21.01,21.049999,18.438926,21.09,20.99,INTC
43,2013-01-29,21.09,21.280001,18.640398,21.299999,21.01,INTC
44,2013-01-30,21.290001,21.370001,18.719234,21.459999,21.219999,INTC
45,2013-01-31,21.299999,21.040001,18.430168,21.32,21.02,INTC
46,2013-02-01,21.190001,21.360001,18.710474,21.360001,21.09,INTC
47,2013-02-04,21.299999,21.16,18.535282,21.379999,21.15,INTC
48,2013-02-05,21.139999,21.18,18.752199,21.33,21.059999,INTC
49,2013-02-06,21.16,20.99,18.583978,21.200001,20.91,INTC
50,2013-02-07,20.969999,20.809999,18.42461,20.969999,20.700001,INTC
51,2013-02-08,20.90,21.00,18.592832,21.09,20.879999,INTC
52,2013-02-11,21.00,21.030001,18.619393,21.059999,20.92,INTC
53,2013-02-12,21.030001,21.190001,18.761053,21.25,20.99,INTC
54,2013-02-13,21.219999,21.25,18.814175,21.299999,21.15,INTC
55,2013-02-14,21.129999,21.23,18.796467,21.280001,21.059999,INTC
56,2013-02-15,21.23,21.120001,18.699077,21.299999,20.99,INTC
57,2013-02-19,21.18,21.09,18.672515,21.209999,21.059999,INTC
58,2013-02-20,21.09,20.73,18.353781,21.10,20.700001,INTC
59,2013-02-21,20.75,20.25,17.928802,20.76,20.120001,INTC
60,2013-02-22,20.32,20.42,18.079315,20.49,20.10,INTC
61,2013-02-25,20.57,20.23,17.911094,20.65,20.23,INTC
62,2013-02-26,20.49,20.58,18.220975,20.85,20.41,INTC
63,2013-02-27,20.60,20.93,18.530856,21.040001,20.51,INTC
64,2013-02-28,20.91,20.879999,18.486586,21.08,20.82,INTC
65,2013-03-01,20.790001,21.030001,18.619393,21.190001,20.66,INTC
66,2013-03-04,21.16,21.27,18.831883,21.290001,20.959999,INTC
67,2013-03-05,21.34,21.51,19.044372,21.59,21.299999,INTC
68,2013-03-06,21.530001,21.75,19.256861,21.790001,21.51,INTC
69,2013-03-07,21.799999,21.889999,19.380813,21.99,21.75,INTC
70,2013-03-08,21.950001,21.58,19.106348,22.040001,21.469999,INTC
71,2013-03-11,21.530001,21.690001,19.203739,21.74,21.280001,INTC
72,2013-03-12,21.66,21.639999,19.15947,21.73,21.450001,INTC
73,2013-03-13,21.559999,21.66,19.177178,21.700001,21.459999,INTC
74,2013-03-14,21.74,21.65,19.168324,21.85,21.51,INTC
75,2013-03-15,21.610001,21.379999,18.929273,21.700001,21.27,INTC
76,2013-03-18,21.24,21.26,18.823029,21.49,21.190001,INTC
77,2013-03-19,21.26,21.139999,18.716783,21.360001,21.01,INTC
78,2013-03-20,21.309999,21.18,18.752199,21.360001,21.110001,INTC
79,2013-03-21,21.01,21.040001,18.628247,21.139999,20.90,INTC
80,2013-03-22,21.15,21.33,18.885005,21.34,21.08,INTC
81,2013-03-25,21.389999,21.15,18.725637,21.42,21.08,INTC
82,2013-03-26,21.280001,21.77,19.274569,21.77,21.25,INTC
83,2013-03-27,21.620001,21.83,19.327691,21.98,21.51,INTC
84,2013-03-28,21.85,21.84,19.336545,21.91,21.60,INTC
85,2013-04-01,21.67,21.43,18.973542,21.700001,21.32,INTC
86,2013-04-02,21.52,21.459999,19.000102,21.58,21.32,INTC
87,2013-04-03,21.450001,21.049999,18.6371,21.50,21.01,INTC
88,2013-04-04,21.049999,21.139999,18.716783,21.190001,20.959999,INTC
89,2013-04-05,20.940001,20.940001,18.53971,20.969999,20.75,INTC
90,2013-04-08,20.889999,21.09,18.672515,21.09,20.799999,INTC
91,2013-04-09,21.110001,21.75,19.256861,21.889999,21.059999,INTC
92,2013-04-10,21.719999,22.26,19.708402,22.42,21.709999,INTC
93,2013-04-11,21.73,21.83,19.327691,21.91,21.49,INTC
94,2013-04-12,21.74,21.68,19.194886,21.799999,21.469999,INTC
95,2013-04-15,21.50,21.379999,18.929273,21.709999,21.360001,INTC
96,2013-04-16,21.469999,21.92,19.407375,21.93,21.42,INTC
97,2013-04-17,21.790001,21.93,19.416229,22.139999,21.57,INTC
98,2013-04-18,22.049999,22.24,19.690694,22.40,21.90,INTC
99,2013-04-19,22.27,22.440001,19.867769,22.450001,22.209999,INTC
100,2013-04-22,22.48,22.879999,20.257332,22.940001,22.35,INTC
101,2013-04-23,22.98,23.379999,20.700019,23.450001,22.93,INTC
102,2013-04-24,23.280001,23.66,20.947924,23.790001,23.25,INTC
103,2013-04-25,23.65,23.379999,20.700019,23.870001,23.32,INTC
104,2013-04-26,23.309999,23.40,20.717726,23.559999,23.139999,INTC
105,2013-04-29,23.440001,23.76,21.036461,23.83,23.40,INTC
106,2013-04-30,23.719999,23.950001,21.204683,24.00,23.639999,INTC
107,2013-05-01,23.82,23.99,21.240097,24.17,23.809999,INTC
108,2013-05-02,23.73,24.110001,21.346342,24.15,23.67,INTC
109,2013-05-03,24.219999,23.959999,21.41337,24.219999,23.950001,INTC
110,2013-05-06,24.17,23.91,21.368685,24.209999,23.85,INTC
111,2013-05-07,23.969999,24.15,21.583176,24.25,23.940001,INTC
112,2013-05-08,24.040001,24.25,21.672547,24.290001,23.959999,INTC
113,2013-05-09,24.200001,24.360001,21.770856,24.57,24.10,INTC
114,2013-05-10,24.42,24.50,21.895976,24.540001,24.35,INTC
115,2013-05-13,24.41,24.08,21.520616,24.49,24.030001,INTC
116,2013-05-14,24.08,23.84,21.306125,24.17,23.780001,INTC
117,2013-05-15,23.889999,24.200001,21.627862,24.200001,23.809999,INTC
118,2013-05-16,24.059999,23.940001,21.395497,24.40,23.93,INTC
119,2013-05-17,24.120001,24.040001,21.484868,24.219999,23.90,INTC
120,2013-05-20,24.08,24.08,21.520616,24.25,24.00,INTC
121,2013-05-21,24.10,24.15,21.583176,24.25,24.00,INTC
122,2013-05-22,24.129999,24.07,21.511679,24.530001,23.940001,INTC
123,2013-05-23,23.879999,24.049999,21.493804,24.120001,23.84,INTC
124,2013-05-24,23.92,23.92,21.377622,24.040001,23.58,INTC
125,2013-05-28,24.16,24.08,21.520616,24.40,24.00,INTC
126,2013-05-29,23.959999,24.27,21.690422,24.379999,23.889999,INTC
127,2013-05-30,24.280001,24.209999,21.636798,24.50,24.209999,INTC
128,2013-05-31,24.23,24.280001,21.699359,24.709999,24.129999,INTC
129,2013-06-03,24.879999,25.24,22.557323,25.450001,24.83,INTC
130,2013-06-04,25.559999,25.360001,22.66457,25.98,25.35,INTC
131,2013-06-05,25.110001,24.700001,22.074719,25.280001,24.65,INTC
132,2013-06-06,24.75,24.65,22.030032,24.940001,24.27,INTC
133,2013-06-07,24.40,24.59,21.97641,24.700001,24.219999,INTC
134,2013-06-10,24.709999,25.01,22.35177,25.09,24.639999,INTC
135,2013-06-11,24.83,24.709999,22.083655,25.08,24.629999,INTC
136,2013-06-12,24.959999,24.459999,21.860226,25.00,24.41,INTC
137,2013-06-13,24.459999,24.99,22.333895,25.01,24.40,INTC
138,2013-06-14,25.02,24.92,22.271335,25.139999,24.84,INTC
139,2013-06-17,25.110001,25.10,22.432204,25.35,24.91,INTC
140,2013-06-18,25.07,25.469999,22.762877,25.65,25.07,INTC
141,2013-06-19,25.49,25.00,22.342832,25.68,25.00,INTC
142,2013-06-20,24.73,24.190001,21.618925,24.75,24.10,INTC
143,2013-06-21,24.309999,24.200001,21.627862,24.35,24.09,INTC
144,2013-06-24,24.08,23.58,21.073759,24.219999,23.41,INTC
145,2013-06-25,23.83,23.879999,21.341873,23.940001,23.57,INTC
146,2013-06-26,24.200001,24.01,21.458056,24.24,23.889999,INTC
147,2013-06-27,24.10,24.049999,21.493804,24.35,24.01,INTC
148,2013-06-28,23.93,24.23,21.654673,24.41,23.73,INTC
149,2013-07-01,24.35,23.889999,21.35081,24.42,23.84,INTC
150,2013-07-02,23.870001,23.719999,21.198879,24.040001,23.540001,INTC
151,2013-07-03,23.700001,23.76,21.234628,23.90,23.450001,INTC
152,2013-07-05,23.950001,24.059999,21.502741,24.08,23.68,INTC
153,2013-07-08,23.860001,23.190001,20.725212,23.91,23.030001,INTC
154,2013-07-09,23.299999,23.139999,20.680525,23.42,23.110001,INTC
155,2013-07-10,23.139999,23.25,20.778834,23.299999,22.639999,INTC
156,2013-07-11,23.559999,23.99,21.440182,24.00,23.469999,INTC
157,2013-07-12,23.950001,23.90,21.359747,24.00,23.65,INTC
158,2013-07-15,23.84,23.940001,21.395497,23.969999,23.76,INTC
159,2013-07-16,24.00,24.25,21.672547,24.299999,23.90,INTC
160,2013-07-17,24.299999,24.15,21.583176,24.43,24.040001,INTC
161,2013-07-18,23.469999,23.24,20.769897,23.610001,23.16,INTC
162,2013-07-19,23.110001,23.040001,20.591155,23.15,22.809999,INTC
163,2013-07-22,23.07,22.77,20.349852,23.120001,22.73,INTC
164,2013-07-23,22.85,22.75,20.331977,22.99,22.639999,INTC
165,2013-07-24,22.93,22.93,20.492846,23.00,22.629999,INTC
166,2013-07-25,22.85,23.059999,20.609028,23.059999,22.82,INTC
167,2013-07-26,22.940001,23.26,20.787771,23.26,22.90,INTC
168,2013-07-29,23.17,23.24,20.769897,23.299999,23.07,INTC
169,2013-07-30,23.299999,23.379999,20.895016,23.50,23.280001,INTC
170,2013-07-31,23.370001,23.34,20.859268,23.459999,23.26,INTC
171,2013-08-01,23.41,23.200001,20.734149,23.49,23.02,INTC
172,2013-08-02,23.18,23.219999,20.752022,23.219999,23.00,INTC
173,2013-08-05,23.00,22.92,20.684338,23.02,22.85,INTC
174,2013-08-06,22.879999,22.799999,20.576042,22.93,22.709999,INTC
175,2013-08-07,22.709999,22.700001,20.485798,22.790001,22.549999,INTC
176,2013-08-08,22.75,22.450001,20.260183,22.780001,22.41,INTC
177,2013-08-09,22.41,22.51,20.31433,22.549999,22.309999,INTC
178,2013-08-12,22.48,22.639999,20.431649,22.700001,22.450001,INTC
179,2013-08-13,22.690001,22.52,20.323355,22.700001,22.389999,INTC
180,2013-08-14,22.40,22.57,20.368477,22.74,22.35,INTC
181,2013-08-15,22.280001,22.030001,19.881151,22.41,21.969999,INTC
182,2013-08-16,22.059999,21.91,19.772855,22.190001,21.889999,INTC
183,2013-08-19,22.08,22.280001,20.106765,22.700001,22.049999,INTC
184,2013-08-20,22.309999,22.52,20.323355,22.68,22.299999,INTC
185,2013-08-21,22.540001,22.17,20.007494,22.58,22.059999,INTC
186,2013-08-22,22.26,22.26,20.088716,22.389999,22.17,INTC
187,2013-08-23,22.34,22.440001,20.251158,22.57,22.33,INTC
188,2013-08-26,22.40,22.27,20.09774,22.52,22.23,INTC
189,2013-08-27,22.120001,22.190001,20.025544,22.219999,22.00,INTC
190,2013-08-28,22.200001,22.290001,20.11579,22.41,22.129999,INTC
191,2013-08-29,22.24,22.059999,19.908223,22.43,22.049999,INTC
192,2013-08-30,22.24,21.98,19.836027,22.25,21.90,INTC
193,2013-09-03,22.209999,22.07,19.917248,22.24,21.969999,INTC
194,2013-09-04,22.379999,22.639999,20.431649,22.780001,22.280001,INTC
195,2013-09-05,22.68,22.60,20.395551,22.73,22.49,INTC
196,2013-09-06,22.690001,22.67,20.458723,22.82,22.40,INTC
197,2013-09-09,22.719999,22.91,20.675313,23.030001,22.700001,INTC
198,2013-09-10,23.07,22.98,20.738485,23.129999,22.93,INTC
199,2013-09-11,22.91,22.809999,20.585067,22.98,22.709999,INTC
200,2013-09-12,22.780001,22.629999,20.422624,22.84,22.60,INTC
201,2013-09-13,23.049999,23.440001,21.153616,23.459999,23.040001,INTC
202,2013-09-16,23.629999,23.389999,21.108492,23.709999,23.35,INTC
203,2013-09-17,23.690001,23.74,21.424353,23.889999,23.67,INTC
204,2013-09-18,23.85,23.90,21.568746,23.92,23.559999,INTC
205,2013-09-19,23.959999,23.91,21.577771,24.09,23.84,INTC
206,2013-09-20,23.940001,23.77,21.451427,23.959999,23.57,INTC
207,2013-09-23,23.700001,23.620001,21.316059,23.85,23.610001,INTC
208,2013-09-24,23.58,23.700001,21.388256,23.85,23.58,INTC
209,2013-09-25,23.780001,23.700001,21.388256,23.809999,23.58,INTC
210,2013-09-26,23.75,23.41,21.126542,23.799999,23.200001,INTC
211,2013-09-27,23.209999,22.98,20.738485,23.389999,22.879999,INTC
212,2013-09-30,22.719999,22.92,20.684338,23.17,22.60,INTC
213,2013-10-01,22.940001,22.83,20.603116,23.040001,22.700001,INTC
214,2013-10-02,22.709999,22.889999,20.657263,22.90,22.67,INTC
215,2013-10-03,22.82,22.60,20.395551,22.84,22.50,INTC
216,2013-10-04,22.60,22.809999,20.585067,22.85,22.60,INTC
217,2013-10-07,22.709999,22.83,20.603116,23.00,22.57,INTC
218,2013-10-08,22.870001,22.48,20.287256,22.879999,22.48,INTC
219,2013-10-09,22.51,22.59,20.386527,22.959999,22.48,INTC
220,2013-10-10,22.99,23.10,20.84678,23.219999,22.92,INTC
221,2013-10-11,22.83,23.26,20.991174,23.26,22.82,INTC
222,2013-10-14,23.09,23.450001,21.162641,23.49,23.030001,INTC
223,2013-10-15,23.40,23.389999,21.108492,23.59,23.32,INTC
224,2013-10-16,23.26,23.700001,21.388256,23.74,23.219999,INTC
225,2013-10-17,23.58,23.92,21.586796,23.940001,23.49,INTC
226,2013-10-18,23.860001,23.879999,21.550697,23.98,23.68,INTC
227,2013-10-21,23.940001,24.139999,21.785336,24.17,23.82,INTC
228,2013-10-22,24.17,24.07,21.722164,24.200001,24.01,INTC
229,2013-10-23,23.93,23.74,21.424353,24.049999,23.559999,INTC
230,2013-10-24,23.860001,23.780001,21.460452,23.969999,23.780001,INTC
231,2013-10-25,24.110001,24.24,21.875582,24.24,24.02,INTC
232,2013-10-28,24.18,24.360001,21.983878,24.49,24.17,INTC
233,2013-10-29,24.40,24.52,22.128271,24.67,24.35,INTC
234,2013-10-30,24.530001,24.50,22.110221,24.68,24.40,INTC
235,2013-10-31,24.52,24.469999,22.083147,24.73,24.43,INTC
236,2013-11-01,24.51,24.33,21.956803,24.65,24.219999,INTC
237,2013-11-04,24.32,24.26,21.893632,24.40,24.15,INTC
238,2013-11-05,23.92,24.030001,21.889078,24.110001,23.77,INTC
239,2013-11-06,24.059999,24.25,22.089477,24.309999,23.889999,INTC
240,2013-11-07,24.370001,24.059999,21.916404,24.379999,24.00,INTC
241,2013-11-08,24.030001,24.09,21.943732,24.120001,23.84,INTC
242,2013-11-11,24.040001,24.17,22.016604,24.290001,23.93,INTC
243,2013-11-12,23.99,24.43,22.25344,24.50,23.98,INTC
244,2013-11-13,24.25,24.60,22.408294,24.620001,24.200001,INTC
245,2013-11-14,24.43,24.389999,22.217003,24.50,24.35,INTC
246,2013-11-15,24.40,24.52,22.335422,24.549999,24.25,INTC
247,2013-11-18,24.610001,24.60,22.408294,24.700001,24.48,INTC
248,2013-11-19,24.74,24.700001,22.499385,24.870001,24.610001,INTC
249,2013-11-20,24.700001,24.559999,22.371857,24.82,24.459999,INTC
250,2013-11-21,24.610001,25.23,22.982164,25.290001,24.52,INTC
251,2013-11-22,24.50,23.870001,21.743333,24.51,23.84,INTC
252,2013-11-25,24.02,23.75,21.634024,24.02,23.50,INTC
253,2013-11-26,23.790001,23.65,21.542933,23.84,23.52,INTC
254,2013-11-27,23.639999,23.90,21.770659,23.92,23.52,INTC
255,2013-11-29,23.90,23.84,21.716005,23.99,23.76,INTC
256,2013-12-02,24.00,23.700001,21.588479,24.00,23.65,INTC
257,2013-12-03,23.690001,23.549999,21.451842,23.73,23.40,INTC
258,2013-12-04,23.52,23.74,21.624914,23.85,23.52,INTC
259,2013-12-05,23.82,24.26,22.098586,24.35,23.75,INTC
260,2013-12-06,24.969999,24.82,22.608693,25.25,24.75,INTC
261,2013-12-09,24.84,24.93,22.708893,25.08,24.68,INTC
262,2013-12-10,24.889999,24.82,22.608693,24.969999,24.66,INTC
263,2013-12-11,24.74,24.42,22.244331,24.879999,24.40,INTC
264,2013-12-12,24.719999,24.469999,22.289875,24.889999,24.42,INTC
265,2013-12-13,24.209999,24.290001,22.125914,24.49,24.16,INTC
266,2013-12-16,24.33,24.450001,22.271659,24.709999,24.33,INTC
267,2013-12-17,24.42,24.66,22.462948,24.77,24.379999,INTC
268,2013-12-18,24.709999,25.15,22.909292,25.200001,24.530001,INTC
269,2013-12-19,25.120001,25.139999,22.900183,25.24,24.889999,INTC
270,2013-12-20,25.110001,25.059999,22.82731,25.35,25.040001,INTC
271,2013-12-23,25.27,25.32,23.064146,25.43,25.18,INTC
272,2013-12-24,25.379999,25.43,23.164346,25.620001,25.35,INTC
273,2013-12-26,25.43,25.700001,23.410291,25.700001,25.43,INTC
274,2013-12-27,25.75,25.60,23.3192,25.799999,25.48,INTC
275,2013-12-30,25.67,25.85,23.546927,25.85,25.60,INTC
276,2013-12-31,25.809999,25.959999,23.647126,26.040001,25.77,INTC
277,2014-01-02,25.780001,25.790001,23.492273,25.82,25.469999,INTC
278,2014-01-03,25.860001,25.780001,23.483164,25.90,25.60,INTC
279,2014-01-06,25.77,25.459999,23.191672,25.790001,25.450001,INTC
280,2014-01-07,25.540001,25.59,23.310091,25.73,25.469999,INTC
281,2014-01-08,25.639999,25.43,23.164346,25.709999,25.299999,INTC
282,2014-01-09,25.42,25.309999,23.055037,25.549999,25.25,INTC
283,2014-01-10,25.50,25.530001,23.255437,25.85,25.50,INTC
284,2014-01-13,25.629999,25.50,23.22811,25.99,25.42,INTC
285,2014-01-14,26.01,26.51,24.148125,26.549999,25.90,INTC
286,2014-01-15,26.719999,26.67,24.29387,27.120001,26.610001,INTC
287,2014-01-16,26.639999,26.540001,24.175453,26.74,26.33,INTC
288,2014-01-17,25.360001,25.85,23.546927,25.860001,25.25,INTC
289,2014-01-21,25.790001,25.59,23.310091,25.799999,25.27,INTC
290,2014-01-22,25.389999,25.309999,23.055037,25.540001,25.15,INTC
291,2014-01-23,25.17,25.129999,22.891073,25.25,24.90,INTC
292,2014-01-24,24.879999,24.809999,22.599584,25.190001,24.790001,INTC
293,2014-01-27,24.77,24.719999,22.517602,24.99,24.66,INTC
294,2014-01-28,24.709999,24.90,22.681565,25.049999,24.57,INTC
295,2014-01-29,24.75,24.68,22.481167,24.959999,24.629999,INTC
296,2014-01-30,24.75,24.74,22.535821,24.889999,24.540001,INTC
297,2014-01-31,24.450001,24.540001,22.35364,24.65,24.40,INTC
298,2014-02-03,24.50,23.950001,21.816206,24.51,23.889999,INTC
299,2014-02-04,23.99,23.82,21.697787,24.040001,23.58,INTC
300,2014-02-05,23.700001,23.52,21.628817,23.76,23.50,INTC
301,2014-02-06,23.60,23.99,22.061025,24.08,23.549999,INTC
302,2014-02-07,24.200001,24.209999,22.263335,24.26,23.77,INTC
303,2014-02-10,24.110001,24.290001,22.336904,24.370001,24.059999,INTC
304,2014-02-11,24.35,24.469999,22.502429,24.52,24.33,INTC
305,2014-02-12,24.51,24.549999,22.575997,24.690001,24.370001,INTC
306,2014-02-13,24.43,24.700001,22.713937,24.74,24.309999,INTC
307,2014-02-14,24.58,24.76,22.769112,24.76,24.41,INTC
308,2014-02-18,24.67,24.76,22.769112,24.780001,24.549999,INTC
309,2014-02-19,24.65,24.50,22.530018,24.719999,24.42,INTC
310,2014-02-20,24.540001,24.74,22.75072,24.85,24.50,INTC
311,2014-02-21,24.950001,24.42,22.45645,24.959999,24.35,INTC
312,2014-02-24,24.51,24.629999,22.649564,24.879999,24.41,INTC
313,2014-02-25,24.67,24.620001,22.64037,24.709999,24.459999,INTC
314,2014-02-26,24.74,24.799999,22.805895,24.98,24.610001,INTC
315,2014-02-27,24.799999,24.76,22.769112,24.799999,24.51,INTC
316,2014-02-28,24.790001,24.76,22.769112,24.85,24.57,INTC
317,2014-03-03,24.549999,24.50,22.530018,24.59,24.299999,INTC
318,2014-03-04,24.719999,24.610001,22.631173,24.780001,24.50,INTC
319,2014-03-05,24.700001,24.50,22.530018,24.709999,24.40,INTC
320,2014-03-06,24.57,24.629999,22.649564,24.65,24.379999,INTC
321,2014-03-07,24.700001,24.639999,22.65876,24.85,24.57,INTC
322,2014-03-10,24.610001,24.84,22.842679,24.889999,24.58,INTC
323,2014-03-11,24.780001,24.73,22.741524,24.85,24.610001,INTC
324,2014-03-12,24.65,24.76,22.769112,24.879999,24.610001,INTC
325,2014-03-13,24.799999,24.57,22.594389,25.00,24.43,INTC
326,2014-03-14,24.48,24.50,22.530018,24.65,24.40,INTC
327,2014-03-17,24.639999,24.700001,22.713937,24.82,24.49,INTC
328,2014-03-18,24.68,24.82,22.824287,24.90,24.549999,INTC
329,2014-03-19,24.85,25.02,23.008206,25.25,24.77,INTC
330,2014-03-20,25.00,25.43,23.385239,25.59,24.940001,INTC
331,2014-03-21,25.610001,25.17,23.146145,25.68,25.16,INTC
332,2014-03-24,25.209999,25.120001,23.100166,25.379999,24.92,INTC
333,2014-03-25,25.190001,25.459999,23.412826,25.67,25.17,INTC
334,2014-03-26,25.59,25.379999,23.339258,25.74,25.32,INTC
335,2014-03-27,25.360001,25.309999,23.274887,25.75,25.290001,INTC
336,2014-03-28,25.41,25.620001,23.559962,25.809999,25.32,INTC
337,2014-03-31,25.65,25.809999,23.734683,26.059999,25.620001,INTC
338,2014-04-01,25.799999,25.99,23.90021,26.00,25.639999,INTC
339,2014-04-02,25.959999,25.889999,23.808251,26.049999,25.639999,INTC
340,2014-04-03,26.15,26.41,24.286439,26.459999,26.139999,INTC
341,2014-04-04,26.49,26.16,24.056541,26.73,26.110001,INTC
342,2014-04-07,26.299999,26.49,24.360007,26.74,26.200001,INTC
343,2014-04-08,26.360001,26.91,24.746236,26.98,26.35,INTC
344,2014-04-09,26.93,26.98,24.810607,27.02,26.73,INTC
345,2014-04-10,27.01,26.43,24.304832,27.09,26.360001,INTC
346,2014-04-11,26.27,26.18,24.074933,26.59,26.17,INTC
347,2014-04-14,26.309999,26.559999,24.424378,26.65,26.139999,INTC
348,2014-04-15,26.51,26.77,24.617493,26.83,26.360001,INTC
349,2014-04-16,26.98,26.93,24.764628,27.24,26.60,INTC
350,2014-04-17,26.879999,27.040001,24.865784,27.16,26.790001,INTC
351,2014-04-21,27.049999,26.950001,24.78302,27.049999,26.73,INTC
352,2014-04-22,26.91,26.84,24.681864,26.98,26.66,INTC
353,2014-04-23,26.799999,26.75,24.599101,26.969999,26.719999,INTC
354,2014-04-24,26.809999,26.75,24.599101,26.959999,26.639999,INTC
355,2014-04-25,26.65,26.26,24.148501,26.719999,26.190001,INTC
356,2014-04-28,26.17,26.33,24.212872,26.389999,26.01,INTC
357,2014-04-29,26.360001,26.48,24.350811,26.66,26.35,INTC
358,2014-04-30,26.32,26.690001,24.543926,26.700001,26.219999,INTC
359,2014-05-01,26.51,26.450001,24.323224,26.67,26.389999,INTC
360,2014-05-02,26.559999,26.41,24.286439,26.639999,26.40,INTC
361,2014-05-05,26.16,26.17,24.272527,26.26,25.99,INTC
362,2014-05-06,26.16,26.200001,24.300353,26.379999,26.00,INTC
363,2014-05-07,26.26,26.370001,24.458027,26.450001,26.219999,INTC
364,2014-05-08,26.32,26.34,24.430201,26.530001,26.219999,INTC
365,2014-05-09,26.370001,26.299999,24.393101,26.41,26.219999,INTC
366,2014-05-12,26.41,26.370001,24.458027,26.540001,26.299999,INTC
367,2014-05-13,26.49,26.450001,24.532226,26.540001,26.33,INTC
368,2014-05-14,26.49,26.33,24.420926,26.52,26.33,INTC
369,2014-05-15,26.33,26.01,24.124128,26.50,26.01,INTC
370,2014-05-16,26.049999,25.82,23.947904,26.07,25.74,INTC
371,2014-05-19,25.75,26.040001,24.151954,26.09,25.75,INTC
372,2014-05-20,26.02,26.040001,24.151954,26.17,25.879999,INTC
373,2014-05-21,26.10,26.200001,24.300353,26.25,26.00,INTC
374,2014-05-22,26.209999,26.15,24.253977,26.27,26.08,INTC
375,2014-05-23,26.15,26.290001,24.383827,26.299999,26.139999,INTC
376,2014-05-27,26.33,26.709999,24.773373,26.74,26.18,INTC
377,2014-05-28,26.700001,26.879999,24.931047,26.940001,26.66,INTC
378,2014-05-29,26.91,26.959999,25.005247,26.959999,26.719999,INTC
379,2014-05-30,26.940001,27.32,25.339145,27.32,26.93,INTC
380,2014-06-02,27.309999,27.26,25.283496,27.35,27.120001,INTC
381,2014-06-03,27.219999,27.66,25.654493,27.700001,27.120001,INTC
382,2014-06-04,27.51,27.60,25.598844,27.76,27.50,INTC
383,2014-06-05,27.559999,27.66,25.654493,27.66,27.43,INTC
384,2014-06-06,27.780001,28.17,26.127516,28.209999,27.73,INTC
385,2014-06-09,28.10,27.91,25.886367,28.42,27.83,INTC
386,2014-06-10,27.85,28.24,26.19244,28.33,27.719999,INTC
387,2014-06-11,28.139999,27.93,25.904917,28.209999,27.799999,INTC
388,2014-06-12,27.860001,27.959999,25.932741,28.10,27.77,INTC
389,2014-06-13,29.75,29.870001,27.704257,30.059999,29.559999,INTC
390,2014-06-16,29.719999,30.01,27.834106,30.15,29.67,INTC
391,2014-06-17,29.879999,29.950001,27.778456,30.10,29.84,INTC
392,2014-06-18,29.879999,29.93,27.759906,29.98,29.67,INTC
393,2014-06-19,29.969999,30.09,27.908305,30.09,29.889999,INTC
394,2014-06-20,30.07,30.200001,28.01033,30.200001,30.030001,INTC
395,2014-06-23,30.10,30.23,28.038154,30.309999,29.85,INTC
396,2014-06-24,30.16,30.50,28.288578,30.83,30.09,INTC
397,2014-06-25,30.48,30.879999,28.641025,31.00,30.450001,INTC
398,2014-06-26,30.809999,30.780001,28.548277,30.90,30.610001,INTC
399,2014-06-27,30.870001,30.93,28.6874,31.00,30.700001,INTC
400,2014-06-30,30.870001,30.90,28.659575,31.00,30.66,INTC
401,2014-07-01,30.99,30.98,28.733774,31.09,30.870001,INTC
402,2014-07-02,30.99,30.98,28.733774,31.049999,30.799999,INTC
403,2014-07-03,31.08,31.139999,28.882173,31.360001,31.02,INTC
404,2014-07-07,31.09,31.030001,28.78015,31.200001,30.92,INTC
405,2014-07-08,31.00,30.790001,28.557552,31.08,30.700001,INTC
406,2014-07-09,30.84,30.889999,28.6503,30.98,30.690001,INTC
407,2014-07-10,30.60,31.26,28.993474,31.33,30.440001,INTC
408,2014-07-11,31.26,31.25,28.984198,31.450001,31.040001,INTC
409,2014-07-14,31.41,31.49,29.206797,31.58,31.34,INTC
410,2014-07-15,31.58,31.709999,29.410845,31.799999,31.16,INTC
411,2014-07-16,33.310001,34.650002,32.137681,34.740002,33.209999,INTC
412,2014-07-17,34.200001,33.700001,31.25656,34.360001,33.630001,INTC
413,2014-07-18,33.799999,33.700001,31.25656,33.84,33.389999,INTC
414,2014-07-21,33.549999,34.060001,31.590459,34.23,33.540001,INTC
415,2014-07-22,34.16,34.790001,32.267529,34.830002,34.07,INTC
416,2014-07-23,34.68,34.50,31.998555,34.709999,34.299999,INTC
417,2014-07-24,34.380001,34.25,31.766681,34.669998,34.099998,INTC
418,2014-07-25,34.150002,34.25,31.766681,34.369999,33.93,INTC
419,2014-07-28,34.23,34.23,31.748131,34.32,33.880001,INTC
420,2014-07-29,34.27,34.189999,31.71103,34.369999,34.09,INTC
421,2014-07-30,34.310001,34.349998,31.859429,34.57,34.040001,INTC
422,2014-07-31,34.09,33.889999,31.432783,34.25,33.810001,INTC
423,2014-08-01,33.75,33.740002,31.293661,34.029999,33.610001,INTC
424,2014-08-04,33.790001,34.049999,31.581182,34.09,33.549999,INTC
425,2014-08-05,33.759998,32.82,30.642851,33.779999,32.599998,INTC
426,2014-08-06,32.599998,32.849998,30.67086,33.189999,32.389999,INTC
427,2014-08-07,32.93,32.68,30.512139,33.150002,32.540001,INTC
428,2014-08-08,32.779999,32.599998,30.437444,33.00,32.540001,INTC
429,2014-08-11,32.82,33.02,30.829585,33.240002,32.810001,INTC
430,2014-08-12,32.91,33.130001,30.932288,33.150002,32.68,INTC
431,2014-08-13,33.240002,34.099998,31.83794,34.150002,33.23,INTC
432,2014-08-14,34.049999,33.939999,31.688554,34.23,33.740002,INTC
433,2014-08-15,34.099998,34.169998,31.903296,34.209999,33.709999,INTC
434,2014-08-18,34.259998,34.41,32.127377,34.470001,33.98,INTC
435,2014-08-19,34.50,34.34,32.062021,34.50,34.25,INTC
436,2014-08-20,34.23,34.50,32.211407,34.509998,34.18,INTC
437,2014-08-21,34.459999,35.150002,32.81829,35.189999,34.450001,INTC
438,2014-08-22,35.200001,34.939999,32.622218,35.200001,34.91,INTC
439,2014-08-25,35.09,34.810001,32.500844,35.150002,34.650002,INTC
440,2014-08-26,34.790001,34.799999,32.491505,35.049999,34.689999,INTC
441,2014-08-27,34.889999,34.790001,32.48217,34.939999,34.630001,INTC
442,2014-08-28,34.610001,34.650002,32.351458,34.810001,34.610001,INTC
443,2014-08-29,34.810001,34.919998,32.603544,34.939999,34.669998,INTC
444,2014-09-02,34.759998,34.57,32.276763,34.91,34.43,INTC
445,2014-09-03,34.82,34.57,32.276763,34.880001,34.450001,INTC
446,2014-09-04,34.529999,34.91,32.594209,35.09,34.52,INTC
447,2014-09-05,34.919998,35.00,32.678239,35.119999,34.830002,INTC
448,2014-09-08,34.959999,35.330002,32.98635,35.560001,34.880001,INTC
449,2014-09-09,35.290001,34.91,32.594209,35.290001,34.849998,INTC
450,2014-09-10,34.849998,35.02,32.696912,35.130001,34.669998,INTC
451,2014-09-11,34.790001,35.02,32.696912,35.02,34.529999,INTC
452,2014-09-12,34.900002,34.619999,32.323445,34.91,34.50,INTC
453,2014-09-15,34.709999,34.540001,32.248754,34.77,34.23,INTC
454,2014-09-16,34.470001,34.93,32.612883,35.080002,34.470001,INTC
455,2014-09-17,34.91,34.98,32.659565,35.200001,34.740002,INTC
456,2014-09-18,35.119999,35.169998,32.83696,35.169998,34.860001,INTC
457,2014-09-19,35.16,34.82,32.510179,35.220001,34.82,INTC
458,2014-09-22,34.779999,34.709999,32.407475,35.029999,34.549999,INTC
459,2014-09-23,34.709999,34.419998,32.136712,34.709999,34.380001,INTC
460,2014-09-24,34.400002,34.75,32.444823,34.849998,34.369999,INTC
461,2014-09-25,34.68,34.139999,31.875287,34.790001,33.880001,INTC
462,2014-09-26,34.259998,34.259998,31.987326,34.360001,33.630001,INTC
463,2014-09-29,34.060001,34.900002,32.584874,34.990002,33.939999,INTC
464,2014-09-30,34.900002,34.82,32.510179,35.00,34.41,INTC
465,2014-10-01,34.610001,33.990002,31.73524,34.779999,33.84,INTC
466,2014-10-02,33.959999,33.52,31.296417,34.00,33.259998,INTC
467,2014-10-03,33.66,34.029999,31.772584,34.18,33.470001,INTC
468,2014-10-06,34.150002,34.110001,31.847278,34.48,33.869999,INTC
469,2014-10-07,34.040001,33.470001,31.249734,34.049999,33.419998,INTC
470,2014-10-08,33.490002,34.27,31.996664,34.369999,33.139999,INTC
471,2014-10-09,34.150002,33.619999,31.389781,34.43,33.580002,INTC
472,2014-10-10,32.619999,31.91,29.793217,32.860001,30.50,INTC
473,2014-10-13,31.719999,31.469999,29.382404,32.369999,31.469999,INTC
474,2014-10-14,31.99,32.139999,30.007959,32.669998,31.709999,INTC
475,2014-10-15,30.540001,31.280001,29.205009,31.65,29.65,INTC
476,2014-10-16,30.889999,30.85,28.803534,31.51,30.75,INTC
477,2014-10-17,31.200001,31.379999,29.298374,31.709999,30.969999,INTC
478,2014-10-20,31.040001,31.58,29.485108,31.700001,30.90,INTC
479,2014-10-21,31.67,32.610001,30.446782,32.619999,31.58,INTC
480,2014-10-22,32.66,32.27,30.129337,32.869999,32.220001,INTC
481,2014-10-23,32.720001,32.689999,30.521474,32.91,32.599998,INTC
482,2014-10-24,32.720001,33.18,30.978971,33.330002,32.57,INTC
483,2014-10-27,33.080002,33.200001,30.997644,33.299999,32.77,INTC
484,2014-10-28,33.23,33.740002,31.501824,33.75,33.23,INTC
485,2014-10-29,33.759998,33.919998,31.66988,33.970001,33.509998,INTC
486,2014-10-30,33.580002,32.580002,30.418774,33.610001,32.400002,INTC
487,2014-10-31,33.740002,34.009998,31.75391,34.009998,32.630001,INTC
488,2014-11-03,33.810001,34.310001,32.034012,34.48,33.790001,INTC
489,2014-11-04,34.25,34.540001,32.248754,34.779999,34.209999,INTC
490,2014-11-05,34.049999,33.759998,31.72717,34.099998,33.599998,INTC
491,2014-11-06,33.689999,33.82,31.783559,34.23,33.41,INTC
492,2014-11-07,33.98,33.580002,31.558012,34.00,33.189999,INTC
493,2014-11-10,33.43,33.259998,31.257277,33.490002,33.080002,INTC
494,2014-11-11,33.360001,33.310001,31.30427,33.540001,33.200001,INTC
495,2014-11-12,33.23,33.380001,31.370054,33.419998,33.00,INTC
496,2014-11-13,33.349998,33.68,31.651989,33.860001,33.34,INTC
497,2014-11-14,33.75,33.950001,31.905732,33.970001,33.349998,INTC
498,2014-11-17,33.82,34.240002,32.178271,34.25,33.759998,INTC
499,2014-11-18,34.189999,34.709999,32.619968,34.900002,34.16,INTC
500,2014-11-19,34.689999,34.349998,32.281644,34.790001,34.25,INTC
501,2014-11-20,34.139999,35.950001,33.785304,35.970001,34.00,INTC
502,2014-11-21,35.98,35.59,33.44698,36.459999,35.50,INTC
503,2014-11-24,35.889999,36.25,34.067239,36.43,35.84,INTC
504,2014-11-25,36.360001,36.32,34.133024,36.48,36.150002,INTC
505,2014-11-26,36.369999,36.900002,34.678101,36.990002,36.279999,INTC
506,2014-11-28,37.040001,37.25,35.007025,37.689999,36.939999,INTC
507,2014-12-01,37.209999,37.169998,34.93184,37.619999,36.900002,INTC
508,2014-12-02,37.18,37.599998,35.335948,37.599998,37.18,INTC
509,2014-12-03,37.68,37.43,35.176186,37.889999,37.41,INTC
510,2014-12-04,37.400002,37.459999,35.204379,37.459999,37.040001,INTC
511,2014-12-05,37.57,37.669998,35.401733,37.900002,37.52,INTC
512,2014-12-08,37.459999,37.200001,34.960036,37.73,36.939999,INTC
513,2014-12-09,36.669998,36.889999,34.668701,37.09,36.299999,INTC
514,2014-12-10,36.93,36.419998,34.227001,37.02,36.299999,INTC
515,2014-12-11,36.50,36.700001,34.490143,37.209999,36.439999,INTC
516,2014-12-12,36.450001,36.23,34.048443,36.82,36.220001,INTC
517,2014-12-15,36.389999,35.919998,33.757108,36.779999,35.900002,INTC
518,2014-12-16,35.860001,35.560001,33.418788,36.50,35.560001,INTC
519,2014-12-17,35.619999,36.240002,34.057843,36.330002,35.330002,INTC
520,2014-12-18,36.75,37.02,34.790874,37.02,36.43,INTC
521,2014-12-19,37.02,36.369999,34.180012,37.16,36.23,INTC
522,2014-12-22,36.389999,37.209999,34.969432,37.259998,36.389999,INTC
523,2014-12-23,37.400002,37.43,35.176186,37.700001,37.299999,INTC
524,2014-12-24,37.470001,37.439999,35.185583,37.599998,37.18,INTC
525,2014-12-26,37.52,37.549999,35.28896,37.740002,37.52,INTC
526,2014-12-29,37.450001,37.18,34.94124,37.52,37.169998,INTC
527,2014-12-30,37.080002,36.759998,34.546528,37.189999,36.759998,INTC
528,2014-12-31,36.630001,36.290001,34.104831,37.040001,36.290001,INTC
529,2015-01-02,36.669998,36.360001,34.170616,37.16,36.110001,INTC
530,2015-01-05,36.200001,35.950001,33.785304,36.450001,35.939999,INTC
531,2015-01-06,36.080002,35.279999,33.155645,36.23,35.259998,INTC
532,2015-01-07,35.639999,36.02,33.851088,36.07,35.27,INTC
533,2015-01-08,36.369999,36.689999,34.480743,37.00,36.259998,INTC
534,2015-01-09,36.77,36.759998,34.546528,37.110001,36.400002,INTC
535,2015-01-12,36.900002,36.599998,34.396162,37.00,36.23,INTC
536,2015-01-13,36.869999,36.50,34.302185,37.490002,36.290001,INTC
537,2015-01-14,36.330002,36.349998,34.161216,36.91,35.91,INTC
538,2015-01-15,36.529999,36.189999,34.01085,36.880001,36.029999,INTC
539,2015-01-16,36.119999,36.450001,34.255197,36.66,35.509998,INTC
540,2015-01-20,36.099998,36.09,33.916873,36.459999,35.57,INTC
541,2015-01-21,35.849998,36.48,34.283389,36.68,35.77,INTC
542,2015-01-22,36.560001,36.91,34.687497,37.00,36.139999,INTC
543,2015-01-23,36.959999,36.450001,34.255197,37.029999,36.380001,INTC
544,2015-01-26,36.189999,35.810001,33.653734,36.299999,35.57,INTC
545,2015-01-27,34.400002,34.189999,32.131279,34.720001,33.549999,INTC
546,2015-01-28,34.470001,33.779999,31.745966,34.700001,33.720001,INTC
547,2015-01-29,33.84,34.209999,32.150075,34.279999,33.459999,INTC
548,2015-01-30,33.700001,33.040001,31.050527,33.990002,33.00,INTC
549,2015-02-02,33.060001,33.650002,31.623797,33.75,32.650002,INTC
550,2015-02-03,33.779999,33.700001,31.670785,34.049999,32.610001,INTC
551,2015-02-04,33.669998,33.599998,31.803296,33.84,33.299999,INTC
552,2015-02-05,33.68,33.939999,32.125115,33.990002,33.450001,INTC
553,2015-02-06,33.919998,33.299999,31.519339,34.00,33.139999,INTC
554,2015-02-09,33.00,32.93,31.169125,33.240002,32.669998,INTC
555,2015-02-10,33.200001,33.700001,31.897951,33.73,33.049999,INTC
556,2015-02-11,33.669998,33.549999,31.75597,33.759998,33.32,INTC
557,2015-02-12,33.98,34.130001,32.304957,34.130001,33.759998,INTC
558,2015-02-13,34.25,34.360001,32.522658,34.369999,33.950001,INTC
559,2015-02-17,34.400002,34.740002,32.882339,34.75,34.259998,INTC
560,2015-02-18,34.650002,34.27,32.437471,34.709999,34.189999,INTC
561,2015-02-19,34.25,34.209999,32.380678,34.419998,34.049999,INTC
562,2015-02-20,34.150002,34.41,32.569984,34.57,33.91,INTC
563,2015-02-23,34.400002,33.759998,31.95474,34.50,33.580002,INTC
564,2015-02-24,33.610001,34.41,32.569984,34.490002,33.509998,INTC
565,2015-02-25,34.029999,33.950001,32.134582,34.150002,33.73,INTC
566,2015-02-26,33.619999,33.650002,31.850625,33.880001,33.43,INTC
567,2015-02-27,33.630001,33.25,31.472013,33.639999,33.209999,INTC
568,2015-03-02,33.290001,34.060001,32.238701,34.130001,33.119999,INTC
569,2015-03-03,33.950001,34.099998,32.276559,34.380001,33.91,INTC
570,2015-03-04,33.860001,34.119999,32.29549,34.41,33.720001,INTC
571,2015-03-05,34.259998,33.73,31.926345,34.50,33.59,INTC
572,2015-03-06,33.540001,33.189999,31.41522,33.68,33.080002,INTC
573,2015-03-09,33.200001,32.720001,30.970355,33.27,32.48,INTC
574,2015-03-10,32.240002,31.700001,30.004897,32.41,31.50,INTC
575,2015-03-11,31.969999,32.330002,30.60121,32.959999,31.950001,INTC
576,2015-03-12,31.01,30.799999,29.153022,31.60,30.58,INTC
577,2015-03-13,30.629999,30.93,29.276071,30.98,30.360001,INTC
578,2015-03-16,30.93,30.83,29.181418,31.110001,30.65,INTC
579,2015-03-17,30.58,30.59,28.954252,30.73,30.41,INTC
580,2015-03-18,30.41,30.889999,29.238209,31.200001,30.299999,INTC
581,2015-03-19,30.780001,30.74,29.096231,31.10,30.690001,INTC
582,2015-03-20,30.99,31.309999,29.635751,31.620001,30.93,INTC
583,2015-03-23,31.290001,31.200001,29.531634,31.790001,31.200001,INTC
584,2015-03-24,31.16,30.790001,29.143558,31.32,30.74,INTC
585,2015-03-25,30.809999,29.889999,28.291683,30.889999,29.860001,INTC
586,2015-03-26,29.50,30.08,28.471523,30.40,29.309999,INTC
587,2015-03-27,30.01,32.00,30.288855,33.00,29.85,INTC
588,2015-03-30,31.66,31.459999,29.777729,32.099998,31.299999,INTC
589,2015-03-31,31.43,31.27,29.597891,31.93,31.200001,INTC
590,2015-04-01,31.129999,30.809999,29.162487,31.32,30.65,INTC
591,2015-04-02,30.799999,30.809999,29.162487,31.23,30.67,INTC
592,2015-04-06,30.809999,31.040001,29.38019,31.25,30.450001,INTC
593,2015-04-07,31.07,31.26,29.588425,31.59,31.00,INTC
594,2015-04-08,31.23,31.309999,29.635751,31.559999,31.059999,INTC
595,2015-04-09,30.68,31.24,29.569494,31.620001,30.57,INTC
596,2015-04-10,31.33,31.93,30.222598,31.940001,31.33,INTC
597,2015-04-13,31.809999,31.73,30.033292,32.049999,31.709999,INTC
598,2015-04-14,31.68,31.49,29.806126,31.940001,31.27,INTC
599,2015-04-15,32.259998,32.830002,31.074473,32.990002,32.07,INTC
600,2015-04-16,32.849998,32.869999,31.112332,32.990002,32.700001,INTC
601,2015-04-17,32.509998,32.470001,30.733723,32.700001,32.220001,INTC
602,2015-04-20,32.610001,32.73,30.979819,32.790001,32.529999,INTC
603,2015-04-21,32.93,32.43,30.695861,32.970001,32.279999,INTC
604,2015-04-22,32.41,32.700001,30.951424,32.720001,32.029999,INTC
605,2015-04-23,32.040001,32.349998,30.620138,32.41,32.009998,INTC
606,2015-04-24,32.41,32.080002,30.364578,32.48,32.02,INTC
607,2015-04-27,32.080002,32.50,30.762118,32.689999,32.080002,INTC
608,2015-04-28,32.299999,33.02,31.254312,33.040001,32.23,INTC
609,2015-04-29,32.560001,32.889999,31.131263,33.00,32.549999,INTC
610,2015-04-30,32.709999,32.549999,30.809444,32.849998,32.299999,INTC
611,2015-05-01,32.630001,33.419998,31.632921,33.490002,32.619999,INTC
612,2015-05-04,33.27,33.43,31.642388,33.50,33.220001,INTC
613,2015-05-05,33.00,32.639999,31.118034,33.099998,32.57,INTC
614,2015-05-06,32.50,32.220001,30.71762,32.790001,31.93,INTC
615,2015-05-07,32.27,32.240002,30.736688,32.630001,32.18,INTC
616,2015-05-08,32.509998,32.799999,31.270574,32.880001,32.34,INTC
617,2015-05-11,32.68,32.689999,31.165702,32.709999,32.43,INTC
618,2015-05-12,32.439999,32.25,30.74622,32.50,32.00,INTC
619,2015-05-13,32.27,32.639999,31.118034,32.900002,32.27,INTC
620,2015-05-14,32.860001,32.970001,31.432649,33.130001,32.77,INTC
621,2015-05-15,33.09,32.990002,31.451716,33.119999,32.75,INTC
622,2015-05-18,32.98,33.41,31.852131,33.41,32.849998,INTC
623,2015-05-19,33.360001,33.150002,31.604256,33.380001,32.990002,INTC
624,2015-05-20,33.060001,33.369999,31.813995,33.50,33.009998,INTC
625,2015-05-21,33.209999,33.549999,31.985602,33.560001,33.07,INTC
626,2015-05-22,33.470001,33.450001,31.890266,33.509998,33.32,INTC
627,2015-05-26,33.27,33.099998,31.556584,33.290001,32.84,INTC
628,2015-05-27,33.200001,33.709999,32.138141,33.849998,33.130001,INTC
629,2015-05-28,33.740002,34.009998,32.424152,34.150002,33.68,INTC
630,2015-05-29,34.240002,34.459999,32.85317,34.75,34.209999,INTC
631,2015-06-01,34.369999,33.91,32.328816,34.59,33.68,INTC
632,2015-06-02,33.639999,33.27,31.718659,33.75,33.139999,INTC
633,2015-06-03,33.169998,32.73,31.203838,33.240002,32.59,INTC
634,2015-06-04,32.509998,32.310001,30.803424,32.720001,32.200001,INTC
635,2015-06-05,32.279999,31.84,30.355338,32.299999,31.83,INTC
636,2015-06-08,31.809999,31.299999,29.840517,31.950001,31.209999,INTC
637,2015-06-09,31.33,31.25,29.792849,31.66,31.15,INTC
638,2015-06-10,31.459999,31.82,30.33627,32.16,31.370001,INTC
639,2015-06-11,31.950001,31.85,30.364872,32.099998,31.84,INTC
640,2015-06-12,31.719999,31.32,29.859585,32.099998,31.200001,INTC
641,2015-06-15,31.120001,31.389999,29.92632,31.51,30.940001,INTC
642,2015-06-16,31.26,31.639999,30.164663,31.76,31.129999,INTC
643,2015-06-17,31.75,31.950001,30.46021,32.09,31.690001,INTC
644,2015-06-18,32.080002,32.380001,30.870159,32.50,32.00,INTC
645,2015-06-19,32.400002,32.07,30.574613,32.57,31.959999,INTC
646,2015-06-22,32.259998,32.259998,30.755752,32.389999,32.080002,INTC
647,2015-06-23,32.310001,32.09,30.593681,32.34,31.93,INTC
648,2015-06-24,32.150002,31.91,30.422074,32.150002,31.879999,INTC
649,2015-06-25,32.02,31.99,30.498343,32.32,31.99,INTC
650,2015-06-26,31.51,31.02,29.573574,31.530001,30.76,INTC
651,2015-06-29,30.700001,30.389999,28.972949,30.98,30.309999,INTC
652,2015-06-30,30.629999,30.42,29.001551,30.690001,30.15,INTC
653,2015-07-01,30.49,30.18,28.772742,30.549999,30.01,INTC
654,2015-07-02,30.18,30.559999,29.135022,30.92,30.10,INTC
655,2015-07-06,30.24,30.040001,28.639271,30.450001,29.84,INTC
656,2015-07-07,29.870001,29.90,28.505798,29.93,29.09,INTC
657,2015-07-08,29.40,29.50,28.124449,29.67,29.15,INTC
658,2015-07-09,29.719999,28.93,27.581028,29.889999,28.82,INTC
659,2015-07-10,29.200001,29.17,27.809837,29.35,28.940001,INTC
660,2015-07-13,29.27,29.73,28.343724,29.82,29.190001,INTC
661,2015-07-14,29.66,29.65,28.267455,30.110001,29.440001,INTC
662,2015-07-15,29.65,29.690001,28.30559,29.99,29.469999,INTC
663,2015-07-16,30.469999,29.90,28.505798,30.48,29.10,INTC
664,2015-07-17,29.66,29.469999,28.095848,29.799999,29.10,INTC
665,2015-07-20,29.620001,29.10,27.743101,29.620001,29.07,INTC
666,2015-07-21,28.959999,28.719999,27.380819,29.26,28.67,INTC
667,2015-07-22,28.57,28.610001,27.27595,28.85,28.43,INTC
668,2015-07-23,28.66,28.60,27.266416,28.969999,28.43,INTC
669,2015-07-24,28.530001,28.059999,26.751594,28.639999,28.059999,INTC
670,2015-07-27,28.07,28.35,27.028073,28.42,27.620001,INTC
671,2015-07-28,28.51,28.959999,27.609628,29.18,28.440001,INTC
672,2015-07-29,28.950001,29.01,27.657298,29.129999,28.790001,INTC
673,2015-07-30,29.10,28.91,27.56196,29.450001,28.85,INTC
674,2015-07-31,29.120001,28.950001,27.600096,29.120001,28.77,INTC
675,2015-08-03,29.00,29.049999,27.695432,29.35,28.90,INTC
676,2015-08-04,28.98,29.129999,27.771701,29.15,28.860001,INTC
677,2015-08-05,29.190001,29.120001,27.992799,29.389999,29.02,INTC
678,2015-08-06,29.16,29.01,27.887056,29.23,28.85,INTC
679,2015-08-07,28.799999,28.879999,27.762087,28.959999,28.690001,INTC
680,2015-08-10,29.07,29.639999,28.492669,29.68,29.059999,INTC
681,2015-08-11,29.469999,28.969999,27.848604,29.48,28.959999,INTC
682,2015-08-12,28.66,29.459999,28.319636,29.57,28.66,INTC
683,2015-08-13,29.40,28.870001,27.752476,29.450001,28.870001,INTC
684,2015-08-14,28.92,29.02,27.896669,29.040001,28.82,INTC
685,2015-08-17,28.83,29.08,27.954346,29.200001,28.709999,INTC
686,2015-08-18,28.950001,28.91,27.790927,29.049999,28.799999,INTC
687,2015-08-19,28.65,28.360001,27.262217,28.799999,28.280001,INTC
688,2015-08-20,28.030001,27.530001,26.464346,28.24,27.530001,INTC
689,2015-08-21,27.33,26.559999,25.531892,27.629999,26.559999,INTC
690,2015-08-24,25.200001,26.25,25.233892,27.629999,24.870001,INTC
691,2015-08-25,27.040001,25.870001,24.868602,27.15,25.870001,INTC
692,2015-08-26,26.51,27.299999,26.243247,27.34,26.08,INTC
693,2015-08-27,27.719999,27.719999,26.64699,27.91,27.01,INTC
694,2015-08-28,27.67,28.42,27.319894,28.610001,27.450001,INTC
695,2015-08-31,28.33,28.540001,27.43525,29.129999,28.16,INTC
696,2015-09-01,27.91,27.82,26.743119,28.17,27.66,INTC
697,2015-09-02,28.35,28.60,27.492927,28.60,28.139999,INTC
698,2015-09-03,28.799999,29.08,27.954346,29.42,28.690001,INTC
699,2015-09-04,28.57,28.52,27.416024,28.90,28.41,INTC
700,2015-09-08,28.98,29.50,28.358088,29.50,28.950001,INTC
701,2015-09-09,29.719999,29.24,28.108153,30.120001,29.17,INTC
702,2015-09-10,29.18,29.27,28.136992,29.66,28.90,INTC
703,2015-09-11,29.08,29.469999,28.329249,29.52,29.040001,INTC
704,2015-09-14,29.469999,29.389999,28.252346,29.530001,29.09,INTC
705,2015-09-15,29.559999,29.73,28.579185,29.940001,29.48,INTC
706,2015-09-16,29.620001,29.77,28.617638,29.790001,29.40,INTC
707,2015-09-17,29.620001,29.709999,28.559959,30.200001,29.549999,INTC
708,2015-09-18,29.219999,29.02,27.896669,29.42,28.809999,INTC
709,2015-09-21,29.09,29.16,28.031249,29.34,28.940001,INTC
710,2015-09-22,28.67,28.67,27.560217,28.90,28.48,INTC
711,2015-09-23,29.02,28.74,27.627507,29.09,28.59,INTC
712,2015-09-24,28.379999,28.48,27.377571,28.67,27.870001,INTC
713,2015-09-25,28.940001,28.809999,27.694797,29.120001,28.629999,INTC
714,2015-09-28,28.68,28.76,27.646733,29.360001,28.639999,INTC
715,2015-09-29,28.83,29.24,28.108153,29.35,28.76,INTC
716,2015-09-30,29.559999,30.139999,28.973314,30.32,29.540001,INTC
717,2015-10-01,30.209999,30.00,28.838734,30.280001,29.459999,INTC
718,2015-10-02,29.67,30.51,29.328993,30.530001,29.530001,INTC
719,2015-10-05,30.73,31.209999,30.001895,31.379999,30.559999,INTC
720,2015-10-06,31.16,31.74,30.51138,31.85,31.110001,INTC
721,2015-10-07,32.00,32.32,31.068929,32.419998,31.719999,INTC
722,2015-10-08,32.23,32.52,31.261188,32.599998,31.98,INTC
723,2015-10-09,32.369999,32.139999,30.895896,32.549999,31.940001,INTC
724,2015-10-12,32.16,32.209999,30.963187,32.32,32.00,INTC
725,2015-10-13,32.029999,32.040001,30.799769,32.48,31.98,INTC
726,2015-10-14,31.389999,32.799999,31.530348,32.93,30.85,INTC
727,2015-10-15,32.84,32.75,31.482285,33.060001,32.459999,INTC
728,2015-10-16,32.75,33.040001,31.76106,33.200001,32.48,INTC
729,2015-10-19,32.880001,33.59,32.289769,33.619999,32.869999,INTC
730,2015-10-20,33.400002,33.439999,32.145574,33.700001,33.310001,INTC
731,2015-10-21,33.669998,33.369999,32.078284,34.049999,33.32,INTC
732,2015-10-22,33.700001,34.400002,33.068416,34.50,33.59,INTC
733,2015-10-23,34.540001,34.900002,33.549062,35.029999,34.400002,INTC
734,2015-10-26,34.77,34.59,33.25106,34.959999,34.549999,INTC
735,2015-10-27,34.41,34.470001,33.135707,34.549999,34.310001,INTC
736,2015-10-28,34.470001,34.709999,33.366414,34.709999,34.119999,INTC
737,2015-10-29,34.200001,34.029999,32.712736,34.290001,33.77,INTC
738,2015-10-30,34.099998,33.860001,32.549318,34.290001,33.860001,INTC
739,2015-11-02,33.73,34.110001,32.789641,34.279999,33.639999,INTC
740,2015-11-03,34.00,34.310001,32.9819,34.41,33.98,INTC
741,2015-11-04,34.27,34.150002,33.059347,34.27,33.900002,INTC
742,2015-11-05,34.099998,34.00,32.914136,34.200001,33.73,INTC
743,2015-11-06,33.93,33.84,32.759246,33.970001,33.41,INTC
744,2015-11-09,33.599998,33.349998,32.284894,33.830002,33.080002,INTC
745,2015-11-10,33.169998,33.209999,32.149365,33.27,32.810001,INTC
746,2015-11-11,33.16,32.860001,31.810545,33.380001,32.799999,INTC
747,2015-11-12,32.709999,32.400002,31.365237,32.919998,32.389999,INTC
748,2015-11-13,32.27,32.110001,31.084498,32.380001,31.959999,INTC
749,2015-11-16,32.09,32.099998,31.074815,32.259998,31.93,INTC
750,2015-11-17,32.150002,32.639999,31.59757,32.880001,32.009998,INTC
751,2015-11-18,32.73,33.16,32.100963,33.240002,32.619999,INTC
752,2015-11-19,33.220001,34.299999,33.204554,34.73,33.130001,INTC
753,2015-11-20,34.48,34.66,33.553057,35.290001,34.48,INTC
754,2015-11-23,34.66,34.48,33.378806,34.849998,34.41,INTC
755,2015-11-24,34.330002,34.360001,33.262639,34.439999,33.900002,INTC
756,2015-11-25,34.259998,34.450001,33.349765,34.740002,34.139999,INTC
757,2015-11-27,34.540001,34.459999,33.359444,34.68,34.400002,INTC
758,2015-11-30,34.549999,34.77,33.659545,34.900002,34.43,INTC
759,2015-12-01,35.00,35.09,33.969324,35.200001,34.709999,INTC
760,2015-12-02,35.09,34.830002,33.71763,35.41,34.810001,INTC
761,2015-12-03,34.970001,34.040001,32.952859,34.990002,34.00,INTC
762,2015-12-04,34.110001,34.939999,33.824114,35.029999,34.00,INTC
763,2015-12-07,34.790001,34.990002,33.87252,35.169998,34.75,INTC
764,2015-12-08,34.669998,34.75,33.640183,34.950001,34.419998,INTC
765,2015-12-09,34.880001,34.810001,33.698268,35.220001,34.509998,INTC
766,2015-12-10,34.849998,34.77,33.659545,35.07,34.66,INTC
767,2015-12-11,34.310001,34.27,33.175513,34.650002,34.200001,INTC
768,2015-12-14,34.380001,34.470001,33.369127,34.48,33.880001,INTC
769,2015-12-15,34.650002,35.18,34.05645,35.349998,34.639999,INTC
770,2015-12-16,35.360001,35.299999,34.172617,35.470001,34.77,INTC
771,2015-12-17,35.32,34.91,33.795073,35.369999,34.759998,INTC
772,2015-12-18,34.73,33.869999,32.788287,34.75,33.860001,INTC
773,2015-12-21,34.110001,34.240002,33.146473,34.299999,33.82,INTC
774,2015-12-22,34.360001,34.73,33.620821,34.779999,34.27,INTC
775,2015-12-23,34.950001,35.00,33.882199,35.049999,34.779999,INTC
776,2015-12-24,35.07,34.98,33.862837,35.259998,34.959999,INTC
777,2015-12-28,34.950001,34.93,33.814435,35.00,34.57,INTC
778,2015-12-29,35.009998,35.439999,34.308145,35.59,35.009998,INTC
779,2015-12-30,35.380001,34.990002,33.87252,35.450001,34.950001,INTC
780,2015-12-31,34.82,34.450001,33.349765,34.959999,34.439999,INTC
781,2016-01-04,33.880001,33.990002,32.904457,34.009998,33.459999,INTC
782,2016-01-05,33.959999,33.830002,32.749567,34.00,33.529999,INTC
783,2016-01-06,33.25,33.080002,32.02352,33.52,32.799999,INTC
784,2016-01-07,32.279999,31.84,30.82312,33.009998,31.84,INTC
785,2016-01-08,32.09,31.51,30.50366,32.220001,31.43,INTC
786,2016-01-11,31.809999,32.060001,31.036095,32.220001,31.68,INTC
787,2016-01-12,32.759998,32.68,31.636293,32.889999,32.27,INTC
788,2016-01-13,32.759998,31.91,30.890884,32.93,31.83,INTC
789,2016-01-14,31.969999,32.740002,31.694378,32.869999,31.799999,INTC
790,2016-01-15,29.73,29.76,28.80955,30.50,29.450001,INTC
791,2016-01-19,29.98,29.799999,28.848271,30.059999,29.48,INTC
792,2016-01-20,29.35,29.59,28.644979,29.870001,29.209999,INTC
793,2016-01-21,29.65,29.66,28.712743,30.030001,29.24,INTC
794,2016-01-22,30.120001,29.93,28.97412,30.24,29.51,INTC
795,2016-01-25,29.99,29.60,28.65466,30.219999,29.57,INTC
796,2016-01-26,29.610001,29.940001,28.983801,30.049999,29.610001,INTC
797,2016-01-27,29.879999,29.809999,28.857952,30.219999,29.639999,INTC
798,2016-01-28,30.02,29.969999,29.012842,30.18,29.75,INTC
799,2016-01-29,30.209999,31.02,30.029309,31.030001,30.10,INTC
800,2016-02-01,30.719999,30.82,29.835696,31.120001,30.639999,INTC
801,2016-02-02,30.450001,29.799999,28.848271,30.49,29.629999,INTC
802,2016-02-03,29.719999,29.34,28.652954,29.719999,28.52,INTC
803,2016-02-04,29.139999,29.77,29.072885,29.879999,29.110001,INTC
804,2016-02-05,29.58,29.040001,28.35998,29.76,28.91,INTC
805,2016-02-08,28.74,28.82,28.14513,28.98,28.299999,INTC
806,2016-02-09,28.49,28.809999,28.135364,29.15,28.41,INTC
807,2016-02-10,28.879999,28.23,27.568946,29.00,28.190001,INTC
808,2016-02-11,27.83,28.219999,27.55918,28.41,27.68,INTC
809,2016-02-12,28.57,28.639999,27.969345,28.700001,28.139999,INTC
810,2016-02-16,28.75,28.780001,28.106068,28.950001,28.360001,INTC
811,2016-02-17,28.860001,29.469999,28.779909,29.620001,28.73,INTC
812,2016-02-18,29.530001,29.42,28.731081,29.76,29.379999,INTC
813,2016-02-19,29.200001,28.709999,28.037706,29.33,28.709999,INTC
814,2016-02-22,29.110001,29.35,28.66272,29.540001,29.00,INTC
815,2016-02-23,29.299999,28.799999,28.125598,29.35,28.60,INTC
816,2016-02-24,28.52,29.190001,28.506467,29.299999,28.379999,INTC
817,2016-02-25,29.32,29.620001,28.926398,29.620001,28.950001,INTC
818,2016-02-26,29.879999,29.799999,29.102182,30.08,29.700001,INTC
819,2016-02-29,29.719999,29.59,28.8971,30.139999,29.58,INTC
820,2016-03-01,29.93,30.370001,29.658836,30.530001,29.75,INTC
821,2016-03-02,30.299999,30.540001,29.824855,30.870001,30.120001,INTC
822,2016-03-03,31.129999,30.58,29.863917,31.35,30.540001,INTC
823,2016-03-04,30.50,30.629999,29.912746,30.860001,30.049999,INTC
824,2016-03-07,30.59,30.940001,30.215488,31.120001,30.50,INTC
825,2016-03-08,30.83,30.559999,29.844385,30.879999,30.379999,INTC
826,2016-03-09,30.83,30.870001,30.147127,31.040001,30.67,INTC
827,2016-03-10,31.139999,31.25,30.518228,31.40,30.379999,INTC
828,2016-03-11,31.67,31.76,31.016286,31.790001,31.530001,INTC
829,2016-03-14,31.66,31.43,30.694013,31.690001,31.299999,INTC
830,2016-03-15,31.34,31.65,30.908861,31.65,31.059999,INTC
831,2016-03-16,31.49,31.690001,30.947925,31.799999,31.17,INTC
832,2016-03-17,31.76,31.98,31.231134,32.169998,31.700001,INTC
833,2016-03-18,32.16,32.68,31.914743,32.689999,32.060001,INTC
834,2016-03-21,32.23,32.34,31.582704,32.419998,31.950001,INTC
835,2016-03-22,32.16,32.32,31.563172,32.459999,31.950001,INTC
836,2016-03-23,32.470001,32.00,31.250666,32.470001,31.98,INTC
837,2016-03-24,31.870001,31.879999,31.133475,31.950001,31.700001,INTC
838,2016-03-28,31.870001,31.90,31.153007,32.00,31.620001,INTC
839,2016-03-29,31.93,32.380001,31.621768,32.439999,31.73,INTC
840,2016-03-30,32.450001,32.709999,31.944039,32.75,32.290001,INTC
841,2016-03-31,32.529999,32.349998,31.592468,32.66,32.32,INTC
842,2016-04-01,32.27,32.450001,31.690129,32.470001,32.099998,INTC
843,2016-04-04,32.200001,32.00,31.250666,32.380001,31.74,INTC
844,2016-04-05,31.889999,31.90,31.153007,32.119999,31.719999,INTC
845,2016-04-06,31.969999,32.080002,31.328794,32.23,31.77,INTC
846,2016-04-07,31.889999,31.549999,30.811202,31.90,31.35,INTC
847,2016-04-08,31.76,31.629999,30.889329,32.02,31.48,INTC
848,2016-04-11,31.90,31.67,30.928393,32.34,31.66,INTC
849,2016-04-12,31.879999,31.860001,31.113945,31.940001,31.379999,INTC
850,2016-04-13,31.969999,32.130001,31.377623,32.18,31.950001,INTC
851,2016-04-14,31.780001,31.799999,31.055348,31.889999,31.549999,INTC
852,2016-04-15,31.790001,31.459999,30.72331,31.889999,31.379999,INTC
853,2016-04-18,31.43,31.65,30.908861,31.719999,31.379999,INTC
854,2016-04-19,31.700001,31.60,30.860033,31.809999,31.40,INTC
855,2016-04-20,31.32,32.00,31.250666,32.259998,31.25,INTC
856,2016-04-21,31.940001,31.969999,31.221367,32.060001,31.809999,INTC
857,2016-04-22,31.74,31.639999,30.899095,31.860001,31.219999,INTC
858,2016-04-25,31.360001,31.389999,30.654949,31.50,31.200001,INTC
859,2016-04-26,31.389999,31.40,30.664715,31.700001,31.17,INTC
860,2016-04-27,31.25,31.75,31.00652,31.799999,31.190001,INTC
861,2016-04-28,31.450001,31.110001,30.381507,31.709999,31.030001,INTC
862,2016-04-29,30.860001,30.280001,29.570943,30.870001,30.10,INTC
863,2016-05-02,30.450001,30.610001,29.893215,30.690001,30.360001,INTC
864,2016-05-03,30.41,30.360001,29.64907,30.559999,30.09,INTC
865,2016-05-04,30.17,29.85,29.402815,30.209999,29.700001,INTC
866,2016-05-05,29.870001,29.90,29.452065,30.02,29.75,INTC
867,2016-05-06,29.610001,30.040001,29.589969,30.110001,29.52,INTC
868,2016-05-09,30.08,29.799999,29.353563,30.17,29.76,INTC
869,2016-05-10,30.00,30.139999,29.688469,30.18,29.82,INTC
870,2016-05-11,30.16,30.059999,29.609668,30.25,29.969999,INTC
871,2016-05-12,30.110001,29.76,29.314163,30.24,29.57,INTC
872,2016-05-13,29.860001,29.91,29.461915,30.200001,29.84,INTC
873,2016-05-16,29.90,30.389999,29.934724,30.559999,29.879999,INTC
874,2016-05-17,30.57,29.98,29.530866,30.57,29.860001,INTC
875,2016-05-18,30.030001,29.99,29.540717,30.25,29.780001,INTC
876,2016-05-19,29.77,29.629999,29.186109,29.93,29.50,INTC
877,2016-05-20,29.73,30.15,29.69832,30.379999,29.700001,INTC
878,2016-05-23,30.23,30.23,29.777121,30.48,30.129999,INTC
879,2016-05-24,30.50,31.059999,30.594687,31.120001,30.450001,INTC
880,2016-05-25,31.200001,31.389999,30.919743,31.57,31.15,INTC
881,2016-05-26,31.49,31.49,31.018245,31.629999,31.40,INTC
882,2016-05-27,31.60,31.57,31.097047,31.65,31.450001,INTC
883,2016-05-31,31.51,31.59,31.116747,31.65,31.309999,INTC
884,2016-06-01,31.620001,31.66,31.185699,31.719999,31.469999,INTC
885,2016-06-02,31.559999,31.76,31.284201,31.76,31.450001,INTC
886,2016-06-03,31.74,31.620001,31.146299,31.74,31.40,INTC
887,2016-06-06,31.639999,31.68,31.205399,31.82,31.58,INTC
888,2016-06-07,31.75,31.879999,31.402402,32.02,31.700001,INTC
889,2016-06-08,31.799999,31.889999,31.412252,32.00,31.790001,INTC
890,2016-06-09,31.68,31.940001,31.461504,32.00,31.68,INTC
891,2016-06-10,31.700001,32.040001,31.560007,32.240002,31.65,INTC
892,2016-06-13,32.049999,32.169998,31.688056,32.50,32.040001,INTC
893,2016-06-14,32.009998,32.139999,31.658507,32.240002,31.790001,INTC
894,2016-06-15,32.25,31.610001,31.136448,32.259998,31.59,INTC
895,2016-06-16,31.440001,31.690001,31.21525,31.77,31.219999,INTC
896,2016-06-17,31.73,31.76,31.284201,31.809999,31.469999,INTC
897,2016-06-20,32.07,32.169998,31.688056,32.439999,32.009998,INTC
898,2016-06-21,32.259998,32.32,31.835811,32.380001,32.09,INTC
899,2016-06-22,32.299999,32.290001,31.806261,32.630001,32.25,INTC
900,2016-06-23,32.580002,32.990002,32.495775,33.00,32.50,INTC
901,2016-06-24,31.799999,31.549999,31.077346,32.32,31.40,INTC
902,2016-06-27,31.41,30.719999,30.25978,31.41,30.440001,INTC
903,2016-06-28,30.969999,31.190001,30.72274,31.200001,30.809999,INTC
904,2016-06-29,31.35,31.93,31.451654,31.98,31.309999,INTC
905,2016-06-30,32.00,32.799999,32.308619,32.880001,31.969999,INTC
906,2016-07-01,32.639999,32.75,32.259369,32.889999,32.470001,INTC
907,2016-07-05,32.50,32.68,32.190418,32.73,32.459999,INTC
908,2016-07-06,32.799999,32.970001,32.476075,33.00,32.380001,INTC
909,2016-07-07,32.959999,33.200001,32.702629,33.549999,32.959999,INTC
910,2016-07-08,33.650002,34.00,33.490643,34.00,33.50,INTC
911,2016-07-11,34.040001,34.380001,33.864951,34.50,34.040001,INTC
912,2016-07-12,34.509998,34.939999,34.416559,34.970001,34.48,INTC
913,2016-07-13,35.040001,35.009998,34.48551,35.25,34.880001,INTC
914,2016-07-14,35.130001,35.200001,34.672666,35.299999,34.959999,INTC
915,2016-07-15,35.259998,35.07,34.544613,35.290001,34.900002,INTC
916,2016-07-18,35.18,35.049999,34.524912,35.200001,34.950001,INTC
917,2016-07-19,34.889999,35.150002,34.623416,35.16,34.849998,INTC
918,2016-07-20,35.299999,35.689999,35.155324,35.93,35.060001,INTC
919,2016-07-21,34.330002,34.27,33.756598,34.490002,33.860001,INTC
920,2016-07-22,34.380001,34.66,34.140755,34.700001,34.259998,INTC
921,2016-07-25,34.619999,34.689999,34.170305,34.759998,34.57,INTC
922,2016-07-26,34.75,35.09,34.564314,35.23,34.700001,INTC
923,2016-07-27,35.00,34.830002,34.30821,35.279999,34.630001,INTC
924,2016-07-28,34.830002,34.77,34.249108,34.830002,34.52,INTC
925,2016-07-29,34.77,34.860001,34.33776,34.919998,34.599998,INTC
926,2016-08-01,34.82,34.849998,34.327907,34.91,34.560001,INTC
927,2016-08-02,34.810001,34.560001,34.042255,34.869999,34.330002,INTC
928,2016-08-03,34.099998,34.25,33.992629,34.279999,33.990002,INTC
929,2016-08-04,34.290001,34.580002,34.320151,34.619999,34.220001,INTC
930,2016-08-05,34.799999,34.98,34.717143,35.130001,34.700001,INTC
931,2016-08-08,34.900002,35.040001,34.776694,35.169998,34.860001,INTC
932,2016-08-09,35.040001,34.919998,34.657593,35.16,34.84,INTC
933,2016-08-10,35.00,34.529999,34.270524,35.00,34.50,INTC
934,2016-08-11,34.66,34.68,34.419398,34.740002,34.490002,INTC
935,2016-08-12,34.52,34.57,34.310224,34.759998,34.439999,INTC
936,2016-08-15,34.700001,34.91,34.647669,35.16,34.630001,INTC
937,2016-08-16,34.77,35.209999,34.945414,35.209999,34.77,INTC
938,2016-08-17,35.169998,35.02,34.756843,35.209999,34.77,INTC
939,2016-08-18,34.959999,34.970001,34.70722,35.09,34.75,INTC
940,2016-08-19,34.84,35.240002,34.975192,35.27,34.740002,INTC
941,2016-08-22,35.200001,35.360001,35.094289,35.450001,35.119999,INTC
942,2016-08-23,35.50,35.400002,35.133989,35.689999,35.299999,INTC
943,2016-08-24,35.32,35.150002,34.885868,35.41,35.02,INTC
944,2016-08-25,35.049999,35.09,34.826317,35.220001,34.900002,INTC
945,2016-08-26,35.110001,35.259998,34.995038,35.580002,35.049999,INTC
946,2016-08-29,35.48,35.549999,35.28286,35.669998,35.150002,INTC
947,2016-08-30,35.59,35.700001,35.431734,35.740002,35.52,INTC
948,2016-08-31,35.619999,35.889999,35.620305,35.900002,35.580002,INTC
949,2016-09-01,35.990002,36.02,35.749329,36.040001,35.580002,INTC
950,2016-09-02,36.209999,36.080002,35.808879,36.330002,35.950001,INTC
951,2016-09-06,36.380001,36.57,36.295195,36.599998,36.169998,INTC
952,2016-09-07,36.650002,36.459999,36.186021,36.650002,36.380001,INTC
953,2016-09-08,36.349998,36.439999,36.166171,36.59,36.119999,INTC
954,2016-09-09,36.099998,35.439999,35.173686,36.389999,35.439999,INTC
955,2016-09-12,35.189999,36.080002,35.808879,36.119999,35.060001,INTC
956,2016-09-13,35.75,35.610001,35.34241,35.880001,35.32,INTC
957,2016-09-14,35.509998,35.619999,35.352333,35.82,35.400002,INTC
958,2016-09-15,35.740002,36.560001,36.285272,36.650002,35.540001,INTC
959,2016-09-16,37.720001,37.669998,37.386928,38.049999,37.25,INTC
960,2016-09-19,37.689999,37.16,36.880762,38.02,37.09,INTC
961,2016-09-20,37.419998,37.139999,36.860912,37.43,36.939999,INTC
962,2016-09-21,37.209999,37.450001,37.168584,37.459999,36.860001,INTC
963,2016-09-22,37.599998,37.549999,37.267831,37.830002,37.439999,INTC
964,2016-09-23,37.450001,37.189999,36.910535,37.650002,37.119999,INTC
965,2016-09-26,36.919998,36.650002,36.374596,36.939999,36.599998,INTC
966,2016-09-27,36.900002,37.18,36.900612,37.220001,36.630001,INTC
967,2016-09-28,37.310001,37.439999,37.158657,37.50,37.150002,INTC
968,2016-09-29,37.490002,37.32,37.039559,37.529999,37.00,INTC
969,2016-09-30,37.470001,37.75,37.466329,37.919998,37.439999,INTC
970,2016-10-03,37.689999,37.66,37.377005,37.950001,37.529999,INTC
971,2016-10-04,37.77,37.540001,37.257907,37.939999,37.330002,INTC
972,2016-10-05,37.75,37.990002,37.704527,38.310001,37.639999,INTC
973,2016-10-06,37.84,38.07,37.783924,38.16,37.580002,INTC
974,2016-10-07,38.080002,38.099998,37.813697,38.220001,37.779999,INTC
975,2016-10-10,38.25,38.02,37.7343,38.360001,37.900002,INTC
976,2016-10-11,37.91,37.27,36.989936,38.00,36.82,INTC
977,2016-10-12,37.200001,37.130001,36.850989,37.25,36.810001,INTC
978,2016-10-13,36.849998,36.970001,36.692191,37.130001,36.459999,INTC
979,2016-10-14,37.189999,37.450001,37.168584,37.700001,37.16,INTC
980,2016-10-17,37.549999,37.290001,37.009786,37.720001,37.240002,INTC
981,2016-10-18,37.970001,37.75,37.466329,38.049999,37.529999,INTC
982,2016-10-19,36.07,35.509998,35.243159,36.09,35.23,INTC
983,2016-10-20,35.41,35.43,35.163762,35.669998,35.099998,INTC
984,2016-10-21,35.209999,35.150002,34.885868,35.400002,34.810001,INTC
985,2016-10-24,35.43,35.259998,34.995038,35.490002,35.110001,INTC
986,2016-10-25,35.139999,35.099998,34.83624,35.25,35.009998,INTC
987,2016-10-26,35.040001,34.919998,34.657593,35.209999,34.740002,INTC
988,2016-10-27,35.099998,34.810001,34.548422,35.23,34.75,INTC
989,2016-10-28,34.869999,34.740002,34.478949,35.169998,34.709999,INTC
990,2016-10-31,34.919998,34.869999,34.607969,35.080002,34.84,INTC
991,2016-11-01,34.900002,34.52,34.260601,35.16,34.27,INTC
992,2016-11-02,34.599998,34.599998,34.339998,34.900002,34.470001,INTC
993,2016-11-03,34.450001,33.93,33.93,34.52,33.869999,INTC
994,2016-11-04,33.529999,33.610001,33.610001,33.93,33.419998,INTC
995,2016-11-07,34.240002,34.689999,34.689999,34.75,34.150002,INTC
996,2016-11-08,34.599998,34.740002,34.740002,34.950001,34.490002,INTC
997,2016-11-09,34.130001,34.75,34.75,34.849998,33.669998,INTC
998,2016-11-10,34.950001,34.50,34.50,34.950001,34.029999,INTC
999,2016-11-11,34.57,34.610001,34.610001,34.869999,34.34,INTC
1000,2016-11-14,34.560001,34.48,34.48,34.73,34.200001,INTC
1001,2016-11-15,34.639999,34.91,34.91,35.290001,34.610001,INTC
1002,2016-11-16,34.900002,34.84,34.84,34.919998,34.540001,INTC
1003,2016-11-17,34.810001,35.02,35.02,35.02,34.630001,INTC
1004,2016-11-18,34.900002,34.950001,34.950001,35.00,34.639999,INTC
1005,2016-11-21,35.099998,34.98,34.98,35.200001,34.84,INTC
1006,2016-11-22,35.18,35.48,35.48,35.50,35.110001,INTC
