,Adj_Close,Close,Date,High,Low,Open,Symbol,Volume
0,809.570007,809.570007,2016-10-11,819.859985,807.369995,814.169983,GOOGL,1717200
1,814.169983,814.169983,2016-10-10,817.380005,802.23999,803.929993,GOOGL,1488500
2,800.710022,800.710022,2016-10-07,805.940002,796.820007,805.929993,GOOGL,1163100
3,803.080017,803.080017,2016-10-06,806.950012,800.51001,804.080017,GOOGL,1097800
4,801.22998,801.22998,2016-10-05,808.50,800.710022,806.00,GOOGL,1208200
5,802.789978,802.789978,2016-10-04,806.50,799.669983,805.00,GOOGL,1254200
6,800.380005,800.380005,2016-10-03,803.539978,796.22998,802.549988,GOOGL,1486100
7,804.059998,804.059998,2016-09-30,808.090027,801.50,803.599976,GOOGL,1626700
8,802.640015,802.640015,2016-09-29,813.909973,800.859985,807.22998,GOOGL,1348200
9,810.059998,810.059998,2016-09-28,810.25,802.780029,804.080017,GOOGL,1468800
10,810.72998,810.72998,2016-09-27,813.48999,801.830017,801.830017,GOOGL,1353900
11,802.650024,802.650024,2016-09-26,810.080017,800.450012,809.820007,GOOGL,1426900
12,814.960022,814.960022,2016-09-23,817.00,812.72998,815.140015,GOOGL,1407400
13,815.950012,815.950012,2016-09-22,819.059998,807.710022,810.00,GOOGL,1751800
14,805.030029,805.030029,2016-09-21,805.909973,796.030029,801.26001,GOOGL,1342200
15,799.780029,799.780029,2016-09-20,802.75,798.26001,800.00,GOOGL,1049200
16,795.390015,795.390015,2016-09-19,803.98999,793.559998,801.109985,GOOGL,1146700
17,797.969971,797.969971,2016-09-16,799.02002,793.619995,799.02002,GOOGL,2125200
18,801.22998,801.22998,2016-09-15,803.650024,788.659973,790.01001,GOOGL,1557200
19,790.460022,790.460022,2016-09-14,796.330017,787.530029,787.530029,GOOGL,1292100
20,788.719971,788.719971,2016-09-13,795.789978,784.330017,794.01001,GOOGL,1801000
21,798.820007,798.820007,2016-09-12,800.169983,783.50,784.52002,GOOGL,1848200
22,788.47998,788.47998,2016-09-09,801.75,788.049988,798.77002,GOOGL,1858500
23,802.840027,802.840027,2016-09-08,808.419983,801.01001,805.219971,GOOGL,1175200
24,807.98999,807.98999,2016-09-07,810.599976,803.719971,807.929993,GOOGL,1145300
25,808.02002,808.02002,2016-09-06,810.890015,795.429993,798.390015,GOOGL,1983000
26,796.869995,796.869995,2016-09-02,797.099976,793.26001,795.27002,GOOGL,1347400
27,791.400024,791.400024,2016-09-01,792.890015,786.330017,791.97998,GOOGL,1302000
28,789.849976,789.849976,2016-08-31,791.570007,787.200012,789.599976,GOOGL,1066300
29,791.919983,791.919983,2016-08-30,798.00,789.469971,792.880005,GOOGL,1166400
30,795.820007,795.820007,2016-08-29,798.52002,790.320007,793.049988,GOOGL,766500
31,793.219971,793.219971,2016-08-26,799.400024,789.409973,792.48999,GOOGL,1243600
32,791.299988,791.299988,2016-08-25,794.719971,787.22998,792.00,GOOGL,1196400
33,793.599976,793.599976,2016-08-24,798.460022,790.76001,796.859985,GOOGL,1283600
34,796.590027,796.590027,2016-08-23,801.00,795.98999,800.47998,GOOGL,913500
35,796.950012,796.950012,2016-08-22,799.299988,794.330017,798.51001,GOOGL,852800
36,799.650024,799.650024,2016-08-19,801.22998,796.880005,799.789978,GOOGL,1094400
37,802.75,802.75,2016-08-18,808.00,801.630005,805.359985,GOOGL,864600
38,805.419983,805.419983,2016-08-17,805.630005,796.299988,800.00,GOOGL,1064500
39,801.190002,801.190002,2016-08-16,804.26001,797.00,803.50,GOOGL,1056700
40,805.960022,805.960022,2016-08-15,811.359985,804.030029,807.210022,GOOGL,929800
41,807.049988,807.049988,2016-08-12,807.190002,803.640015,805.090027,GOOGL,894200
42,808.200012,808.200012,2016-08-11,813.880005,806.00,810.469971,GOOGL,1281200
43,808.48999,808.48999,2016-08-10,810.880005,806.48999,807.049988,GOOGL,916500
44,807.47998,807.47998,2016-08-09,813.330017,804.059998,804.48999,GOOGL,1468600
45,805.22998,805.22998,2016-08-08,807.599976,801.690002,806.00,GOOGL,1221300
46,806.929993,806.929993,2016-08-05,807.219971,797.809998,800.109985,GOOGL,1807300
47,797.25,797.25,2016-08-04,800.200012,793.919983,798.23999,GOOGL,1076000
48,798.919983,798.919983,2016-08-03,799.539978,793.02002,796.469971,GOOGL,1460300
49,800.119995,800.119995,2016-08-02,802.320007,794.530029,797.330017,GOOGL,1996400
50,800.940002,800.940002,2016-08-01,807.48999,785.039978,786.669983,GOOGL,3029700
51,791.340027,791.340027,2016-07-29,803.940002,790.00,797.710022,GOOGL,5090500
52,765.840027,765.840027,2016-07-28,768.969971,759.090027,768.840027,GOOGL,3673200
53,761.969971,761.969971,2016-07-27,764.450012,755.929993,758.969971,GOOGL,1608600
54,757.650024,757.650024,2016-07-26,759.26001,752.75,757.52002,GOOGL,1189600
55,757.52002,757.52002,2016-07-25,759.820007,754.070007,757.679993,GOOGL,1073300
56,759.280029,759.280029,2016-07-22,759.450012,752.659973,757.320007,GOOGL,1046000
57,754.409973,754.409973,2016-07-21,758.150024,751.52002,757.00,GOOGL,953100
58,757.080017,757.080017,2016-07-20,760.640015,754.049988,754.049988,GOOGL,1125100
59,753.409973,753.409973,2016-07-19,756.590027,748.48999,749.869995,GOOGL,1521800
60,753.200012,753.200012,2016-07-18,755.140015,736.51001,737.909973,GOOGL,1934900
61,735.630005,735.630005,2016-07-15,741.00,734.640015,741.00,GOOGL,1617100
62,735.799988,735.799988,2016-07-14,736.140015,730.590027,733.940002,GOOGL,1070400
63,729.47998,729.47998,2016-07-13,735.52002,729.02002,735.52002,GOOGL,1021800
64,732.51001,732.51001,2016-07-12,735.599976,727.50,731.919983,GOOGL,1323400
65,727.200012,727.200012,2016-07-11,728.929993,718.869995,719.419983,GOOGL,1441100
66,717.780029,717.780029,2016-07-08,717.900024,708.109985,710.559998,GOOGL,1497300
67,707.26001,707.26001,2016-07-07,710.169983,700.669983,710.109985,GOOGL,1058700
68,708.969971,708.969971,2016-07-06,713.00,699.00,699.840027,GOOGL,1445100
69,704.890015,704.890015,2016-07-05,708.119995,699.130005,705.01001,GOOGL,1422000
70,710.25,710.25,2016-07-01,712.530029,703.72998,705.099976,GOOGL,1549200
71,703.530029,703.530029,2016-06-30,703.77002,694.900024,697.650024,GOOGL,2112500
72,695.190002,695.190002,2016-06-29,699.50,692.679993,694.26001,GOOGL,2156200
73,691.26001,691.26001,2016-06-28,692.73999,684.849976,691.369995,GOOGL,1912300
74,681.140015,681.140015,2016-06-27,683.330017,672.659973,682.48999,GOOGL,2907300
75,685.200012,685.200012,2016-06-24,705.00,684.909973,690.169983,GOOGL,4771800
76,714.869995,714.869995,2016-06-23,714.880005,700.25,710.549988,GOOGL,2125000
77,710.469971,710.469971,2016-06-22,714.210022,705.880005,714.049988,GOOGL,1452900
78,708.880005,708.880005,2016-06-21,715.380005,704.659973,710.049988,GOOGL,1515900
79,706.130005,706.130005,2016-06-20,715.869995,705.409973,710.309998,GOOGL,2282700
80,704.25,704.25,2016-06-17,721.390015,701.119995,721.390015,GOOGL,4113100
81,724.25,724.25,2016-06-16,730.390015,715.539978,727.960022,GOOGL,2250100
82,732.190002,732.190002,2016-06-15,737.150024,731.309998,734.919983,GOOGL,1161700
83,733.25,733.25,2016-06-14,736.00,726.50,729.309998,GOOGL,1329200
84,731.880005,731.880005,2016-06-13,739.00,729.820007,729.820007,GOOGL,1167700
85,733.190002,733.190002,2016-06-10,739.640015,730.51001,735.950012,GOOGL,1452500
86,742.52002,742.52002,2016-06-09,743.929993,736.50,737.070007,GOOGL,959000
87,742.929993,742.929993,2016-06-08,743.809998,735.77002,739.50,GOOGL,1615700
88,731.090027,731.090027,2016-06-07,736.710022,730.799988,733.27002,GOOGL,1215700
89,730.059998,730.059998,2016-06-06,738.50,728.289978,738.50,GOOGL,1499600
90,735.859985,735.859985,2016-06-03,741.48999,733.909973,741.48999,GOOGL,1230400
91,744.27002,744.27002,2016-06-02,747.299988,737.00,746.099976,GOOGL,1695800
92,748.460022,748.460022,2016-06-01,751.369995,744.340027,748.469971,GOOGL,1039400
93,748.849976,748.849976,2016-05-31,753.47998,745.570007,748.76001,GOOGL,2124200
94,747.599976,747.599976,2016-05-27,747.909973,737.01001,737.51001,GOOGL,1740100
95,736.929993,736.929993,2016-05-26,741.099976,733.00,736.00,GOOGL,1360100
96,738.099976,738.099976,2016-05-25,739.890015,732.599976,735.00,GOOGL,1610800
97,733.030029,733.030029,2016-05-24,734.200012,719.650024,719.849976,GOOGL,1894200
98,717.25,717.25,2016-05-23,723.50,716.940002,719.97998,GOOGL,1240800
99,721.710022,721.710022,2016-05-20,727.700012,715.01001,716.460022,GOOGL,1739900
100,715.309998,715.309998,2016-05-19,720.50,710.309998,718.299988,GOOGL,1529900
101,721.780029,721.780029,2016-05-18,725.570007,715.02002,718.50,GOOGL,1626800
102,720.190002,720.190002,2016-05-17,735.849976,718.00,731.059998,GOOGL,1670200
103,730.299988,730.299988,2016-05-16,732.679993,720.00,724.320007,GOOGL,1126900
104,724.830017,724.830017,2016-05-13,731.289978,723.51001,726.619995,GOOGL,1262200
105,728.070007,728.070007,2016-05-12,735.369995,724.27002,732.00,GOOGL,1354700
106,730.549988,730.549988,2016-05-11,740.799988,727.900024,740.52002,GOOGL,1491700
107,739.380005,739.380005,2016-05-10,740.00,731.609985,734.960022,GOOGL,1631700
108,729.130005,729.130005,2016-05-09,734.289978,723.50,726.700012,GOOGL,1903700
109,725.179993,725.179993,2016-05-06,725.98999,711.950012,712.200012,GOOGL,1997600
110,714.710022,714.710022,2016-05-05,717.549988,709.450012,715.00,GOOGL,1483400
111,711.369995,711.369995,2016-05-04,715.049988,704.049988,706.77002,GOOGL,1610200
112,708.440002,708.440002,2016-05-03,713.369995,707.330017,712.50,GOOGL,1931000
113,714.409973,714.409973,2016-05-02,715.409973,706.359985,711.919983,GOOGL,1673800
114,707.880005,707.880005,2016-04-29,712.109985,703.780029,704.119995,GOOGL,2913900
115,705.059998,705.059998,2016-04-28,729.26001,703.200012,723.289978,GOOGL,3129500
116,721.460022,721.460022,2016-04-27,727.150024,709.080017,725.320007,GOOGL,3313100
117,725.369995,725.369995,2016-04-26,745.590027,720.320007,744.419983,GOOGL,2793200
118,742.210022,742.210022,2016-04-25,744.880005,735.099976,735.349976,GOOGL,2472100
119,737.77002,737.77002,2016-04-22,753.919983,730.369995,743.909973,GOOGL,7039900
120,780.00,780.00,2016-04-21,781.679993,771.549988,777.309998,GOOGL,3881400
121,774.919983,774.919983,2016-04-20,779.659973,771.27002,779.159973,GOOGL,1713100
122,776.25,776.25,2016-04-19,790.950012,770.27002,790.50,GOOGL,2197600
123,787.679993,787.679993,2016-04-18,788.549988,777.609985,780.190002,GOOGL,1677000
124,780.00,780.00,2016-04-15,780.929993,774.929993,775.50,GOOGL,1585600
125,775.390015,775.390015,2016-04-14,779.609985,773.219971,775.359985,GOOGL,1349600
126,771.909973,771.909973,2016-04-13,775.75,764.590027,770.309998,GOOGL,1771300
127,764.320007,764.320007,2016-04-12,764.919983,751.570007,758.429993,GOOGL,1369400
128,757.539978,757.539978,2016-04-11,767.219971,757.340027,765.450012,GOOGL,1588700
129,759.469971,759.469971,2016-04-08,767.130005,755.77002,765.869995,GOOGL,1171700
130,760.119995,760.119995,2016-04-07,769.359985,757.50,765.320007,GOOGL,1274900
131,768.070007,768.070007,2016-04-06,768.419983,756.299988,757.840027,GOOGL,1265600
132,758.570007,758.570007,2016-04-05,762.869995,755.599976,758.130005,GOOGL,1223900
133,765.119995,765.119995,2016-04-04,772.440002,761.789978,769.51001,GOOGL,1346200
134,769.669983,769.669983,2016-04-01,770.039978,755.200012,757.159973,GOOGL,1583700
135,762.900024,762.900024,2016-03-31,769.080017,758.25,768.340027,GOOGL,1627700
136,768.340027,768.340027,2016-03-30,777.309998,767.580017,768.210022,GOOGL,2019800
137,765.890015,765.890015,2016-03-29,767.179993,748.289978,753.679993,GOOGL,2003100
138,753.280029,753.280029,2016-03-28,758.299988,752.039978,756.169983,GOOGL,1083800
139,754.840027,754.840027,2016-03-24,757.559998,750.50,751.200012,GOOGL,1555800
140,757.559998,757.559998,2016-03-23,765.390015,756.030029,763.349976,GOOGL,1233900
141,760.049988,760.049988,2016-03-22,765.00,757.880005,758.440002,GOOGL,1104800
142,762.159973,762.159973,2016-03-21,763.340027,751.27002,753.909973,GOOGL,1438700
143,755.409973,755.409973,2016-03-18,762.140015,751.820007,761.630005,GOOGL,2811100
144,758.47998,758.47998,2016-03-17,765.340027,757.359985,757.650024,GOOGL,2228200
145,757.359985,757.359985,2016-03-16,759.00,746.50,749.049988,GOOGL,1465300
146,750.570007,750.570007,2016-03-15,753.01001,742.840027,746.02002,GOOGL,1491600
147,750.23999,750.23999,2016-03-14,754.26001,743.659973,744.969971,GOOGL,1641200
148,744.869995,744.869995,2016-03-11,744.900024,736.700012,739.950012,GOOGL,1769000
149,732.169983,732.169983,2016-03-10,736.539978,723.289978,727.789978,GOOGL,2230800
150,725.409973,725.409973,2016-03-09,726.23999,712.659973,715.169983,GOOGL,1977200
151,713.530029,713.530029,2016-03-08,722.25,704.00,708.390015,GOOGL,2626500
152,712.799988,712.799988,2016-03-07,727.210022,705.140015,725.150024,GOOGL,3084500
153,730.219971,730.219971,2016-03-04,735.00,725.619995,734.799988,GOOGL,2425800
154,731.590027,731.590027,2016-03-03,741.00,729.630005,739.47998,GOOGL,2026700
155,739.47998,739.47998,2016-03-02,743.119995,733.25,742.869995,GOOGL,1814600
156,742.169983,742.169983,2016-03-01,742.330017,718.640015,721.299988,GOOGL,3005600
157,717.219971,717.219971,2016-02-29,730.599976,716.840027,721.00,GOOGL,2253400
158,724.859985,724.859985,2016-02-26,736.159973,721.940002,733.599976,GOOGL,2123700
159,729.119995,729.119995,2016-02-25,729.51001,713.22998,722.929993,GOOGL,1807300
160,720.900024,720.900024,2016-02-24,721.219971,702.02002,710.609985,GOOGL,1854600
161,717.289978,717.289978,2016-02-23,730.900024,715.669983,726.099976,GOOGL,2066600
162,729.049988,729.049988,2016-02-22,734.849976,723.450012,729.51001,GOOGL,1875800
163,722.109985,722.109985,2016-02-19,724.030029,713.119995,715.900024,GOOGL,1745900
164,717.51001,717.51001,2016-02-18,736.00,715.549988,733.960022,GOOGL,2363800
165,731.969971,731.969971,2016-02-17,733.76001,716.609985,727.00,GOOGL,2457700
166,717.640015,717.640015,2016-02-16,722.880005,710.179993,718.650024,GOOGL,2172200
167,706.890015,706.890015,2016-02-12,716.00,701.580017,712.210022,GOOGL,2326900
168,706.359985,706.359985,2016-02-11,712.320007,691.190002,696.340027,GOOGL,3250200
169,706.849976,706.849976,2016-02-10,723.219971,705.390015,711.789978,GOOGL,3015700
170,701.02002,701.02002,2016-02-09,720.960022,688.50,692.950012,GOOGL,4215000
171,704.159973,704.159973,2016-02-08,704.52002,682.01001,687.679993,GOOGL,4470500
172,703.76001,703.76001,2016-02-05,726.719971,700.140015,725.50,GOOGL,5477800
173,730.030029,730.030029,2016-02-04,745.23999,722.599976,744.590027,GOOGL,5246100
174,749.380005,749.380005,2016-02-03,791.429993,736.26001,786.280029,GOOGL,6555700
175,780.909973,780.909973,2016-02-02,810.349976,780.599976,800.50,GOOGL,6792300
176,770.77002,770.77002,2016-02-01,777.590027,761.380005,771.26001,GOOGL,5576100
177,761.349976,761.349976,2016-01-29,765.109985,744.200012,748.960022,GOOGL,3790400
178,748.299988,748.299988,2016-01-28,751.159973,730.599976,738.190002,GOOGL,3105200
179,717.580017,717.580017,2016-01-27,735.890015,713.450012,735.890015,GOOGL,2121400
180,733.789978,733.789978,2016-01-26,739.460022,726.969971,735.210022,GOOGL,1547000
181,733.619995,733.619995,2016-01-25,752.460022,732.50,743.840027,GOOGL,2267000
182,745.460022,745.460022,2016-01-22,748.559998,740.50,742.00,GOOGL,2357300
183,726.669983,726.669983,2016-01-21,737.669983,711.109985,720.169983,GOOGL,2596900
184,718.559998,718.559998,2016-01-20,726.950012,687.780029,705.900024,GOOGL,4122000
185,719.080017,719.080017,2016-01-19,725.349976,709.849976,720.150024,GOOGL,2436200
186,710.48999,710.48999,2016-01-15,724.159973,701.51001,709.98999,GOOGL,3777800
187,731.390015,731.390015,2016-01-14,739.890015,705.00,724.440002,GOOGL,2777900
188,719.570007,719.570007,2016-01-13,753.00,716.780029,749.340027,GOOGL,2586400
189,745.340027,745.340027,2016-01-12,748.340027,736.429993,740.75,GOOGL,2340800
190,733.070007,733.070007,2016-01-11,735.080017,719.559998,731.950012,GOOGL,2544800
191,730.909973,730.909973,2016-01-08,750.119995,728.919983,747.799988,GOOGL,2375300
192,741.00,741.00,2016-01-07,755.309998,735.280029,746.48999,GOOGL,3156600
193,759.330017,759.330017,2016-01-06,765.72998,748.00,750.369995,GOOGL,2410300
194,761.530029,761.530029,2016-01-05,769.200012,755.650024,764.099976,GOOGL,2260800
195,759.440002,759.440002,2016-01-04,762.200012,747.539978,762.200012,GOOGL,3369100
196,778.01001,778.01001,2015-12-31,788.330017,777.320007,787.820007,GOOGL,1629300
197,790.299988,790.299988,2015-12-30,796.460022,787.200012,793.960022,GOOGL,1428300
198,793.960022,793.960022,2015-12-29,798.690002,786.200012,786.98999,GOOGL,1921500
199,782.23999,782.23999,2015-12-28,782.820007,767.72998,770.00,GOOGL,1557800
200,765.840027,765.840027,2015-12-24,769.200012,764.390015,768.52002,GOOGL,520600
201,768.51001,768.51001,2015-12-23,771.900024,757.650024,770.690002,GOOGL,1529700
202,767.130005,767.130005,2015-12-22,770.340027,761.200012,764.27002,GOOGL,1816900
203,760.799988,760.799988,2015-12-21,766.349976,754.150024,763.049988,GOOGL,1742400
204,756.849976,756.849976,2015-12-18,774.140015,756.590027,767.22998,GOOGL,3389700
205,769.830017,769.830017,2015-12-17,781.590027,769.299988,781.159973,GOOGL,1825500
206,776.590027,776.590027,2015-12-16,781.50,757.049988,766.570007,GOOGL,2656000
207,760.090027,760.090027,2015-12-15,774.75,758.00,767.789978,GOOGL,2469300
208,762.539978,762.539978,2015-12-14,764.150024,736.26001,751.26001,GOOGL,2693200
209,750.419983,750.419983,2015-12-11,757.440002,748.650024,749.00,GOOGL,2159200
210,760.039978,760.039978,2015-12-10,766.070007,755.00,763.590027,GOOGL,1616600
211,762.549988,762.549988,2015-12-09,776.090027,752.01001,771.099976,GOOGL,2327500
212,775.140015,775.140015,2015-12-08,778.650024,762.52002,764.50,GOOGL,1554100
213,772.98999,772.98999,2015-12-07,781.00,766.719971,780.059998,GOOGL,1831300
214,779.210022,779.210022,2015-12-04,782.419983,765.51001,769.710022,GOOGL,2490000
215,768.200012,768.200012,2015-12-03,784.47998,762.450012,780.559998,GOOGL,2097500
216,777.849976,777.849976,2015-12-02,793.049988,776.429993,785.25,GOOGL,2343800
217,783.789978,783.789978,2015-12-01,785.00,765.950012,766.940002,GOOGL,2019900
218,762.849976,762.849976,2015-11-30,775.030029,761.119995,771.869995,GOOGL,1679300
219,771.969971,771.969971,2015-11-27,774.00,767.00,769.159973,GOOGL,721700
220,769.26001,769.26001,2015-11-25,773.00,766.530029,771.690002,GOOGL,1180600
221,769.630005,769.630005,2015-11-24,775.98999,758.109985,772.960022,GOOGL,2394000
222,776.700012,776.700012,2015-11-23,782.900024,773.51001,777.469971,GOOGL,1732400
223,777.00,777.00,2015-11-20,779.320007,764.099976,769.299988,GOOGL,2773900
224,759.940002,759.940002,2015-11-19,763.22998,757.22998,759.780029,GOOGL,1403900
225,760.01001,760.01001,2015-11-18,761.099976,747.390015,749.570007,GOOGL,1813300
226,745.97998,745.97998,2015-11-17,754.950012,744.049988,752.469971,GOOGL,1943200
227,750.419983,750.419983,2015-11-16,751.710022,734.330017,740.210022,GOOGL,2535200
228,740.070007,740.070007,2015-11-13,755.330017,739.469971,754.039978,GOOGL,2409400
229,756.530029,756.530029,2015-11-12,765.799988,755.859985,760.179993,GOOGL,1772600
230,765.25,765.25,2015-11-11,769.080017,759.75,762.380005,GOOGL,2093300
231,758.26001,758.26001,2015-11-10,760.599976,748.409973,753.47998,GOOGL,1489900
232,754.77002,754.77002,2015-11-09,763.299988,749.109985,758.52002,GOOGL,1776900
233,761.599976,761.599976,2015-11-06,763.02002,755.030029,759.390015,GOOGL,1677200
234,760.669983,760.669983,2015-11-05,766.349976,757.469971,758.809998,GOOGL,2274300
235,755.309998,755.309998,2015-11-04,759.900024,749.200012,749.900024,GOOGL,2092000
236,748.820007,748.820007,2015-11-03,751.700012,741.159973,745.429993,GOOGL,1815300
237,747.73999,747.73999,2015-11-02,748.179993,731.450012,734.530029,GOOGL,1995700
238,737.390015,737.390015,2015-10-30,746.309998,736.530029,745.559998,GOOGL,1999200
239,744.849976,744.849976,2015-10-29,746.789978,735.159973,736.630005,GOOGL,1826000
240,736.919983,736.919983,2015-10-28,737.369995,727.27002,733.00,GOOGL,1980200
241,732.820007,732.820007,2015-10-27,735.960022,724.140015,726.570007,GOOGL,1938900
242,731.119995,731.119995,2015-10-26,734.950012,720.02002,720.02002,GOOGL,2438800
243,719.330017,719.330017,2015-10-23,752.50,717.940002,750.059998,GOOGL,6336300
244,681.140015,681.140015,2015-10-22,688.049988,671.700012,675.440002,GOOGL,4431600
245,671.799988,671.799988,2015-10-21,684.900024,670.700012,683.210022,GOOGL,1597600
246,680.00,680.00,2015-10-20,698.00,673.679993,697.890015,GOOGL,2613300
247,699.950012,699.950012,2015-10-19,700.23999,692.210022,694.00,GOOGL,1508600
248,695.320007,695.320007,2015-10-16,696.219971,689.099976,695.400024,GOOGL,1815800
249,693.02002,693.02002,2015-10-15,694.159973,684.390015,685.25,GOOGL,2357800
250,680.409973,680.409973,2015-10-14,690.039978,678.900024,683.72998,GOOGL,1564600
251,683.169983,683.169983,2015-10-13,688.460022,673.109985,674.26001,GOOGL,2122300
252,676.429993,676.429993,2015-10-12,677.97998,667.23999,669.190002,GOOGL,1334200
253,671.23999,671.23999,2015-10-09,674.090027,662.359985,667.48999,GOOGL,1606200
254,667.00,667.00,2015-10-08,671.890015,654.48999,669.450012,GOOGL,1965400
255,670.00,670.00,2015-10-07,678.73999,658.109985,677.400024,GOOGL,2217700
256,671.640015,671.640015,2015-10-06,678.799988,663.080017,669.349976,GOOGL,2138700
257,671.679993,671.679993,2015-10-05,673.030029,655.869995,661.599976,GOOGL,1898000
258,656.98999,656.98999,2015-10-02,657.00,633.50,638.01001,GOOGL,2439400
259,642.00,642.00,2015-10-01,643.840027,631.119995,637.940002,GOOGL,2125300
260,638.369995,638.369995,2015-09-30,639.309998,629.150024,631.830017,GOOGL,2647700
261,622.609985,622.609985,2015-09-29,634.679993,618.030029,625.50,GOOGL,2106500
262,624.25,624.25,2015-09-28,642.849976,617.840027,639.049988,GOOGL,2382300
263,640.150024,640.150024,2015-09-25,658.580017,639.659973,658.580017,GOOGL,2424000
264,654.909973,654.909973,2015-09-24,656.77002,642.169983,648.969971,GOOGL,1934600
265,653.289978,653.289978,2015-09-23,660.280029,650.72998,652.900024,GOOGL,1458000
266,653.200012,653.200012,2015-09-22,658.820007,645.030029,657.469971,GOOGL,2718100
267,666.97998,666.97998,2015-09-21,669.00,658.00,665.51001,GOOGL,1954700
268,660.919983,660.919983,2015-09-18,669.840027,660.030029,665.059998,GOOGL,3627200
269,671.669983,671.669983,2015-09-17,681.98999,665.00,667.48999,GOOGL,2387600
270,665.52002,665.52002,2015-09-16,668.070007,662.200012,665.549988,GOOGL,1312600
271,665.070007,665.070007,2015-09-15,668.849976,653.340027,656.710022,GOOGL,1777300
272,652.469971,652.469971,2015-09-14,655.919983,649.50,655.630005,GOOGL,1497100
273,655.299988,655.299988,2015-09-11,655.309998,647.409973,650.210022,GOOGL,1744600
274,651.080017,651.080017,2015-09-10,654.900024,641.700012,643.900024,GOOGL,1392500
275,643.409973,643.409973,2015-09-09,657.359985,640.900024,651.880005,GOOGL,2048900
276,643.880005,643.880005,2015-09-08,645.039978,632.900024,641.00,GOOGL,1954600
277,628.960022,628.960022,2015-09-04,634.50,626.50,629.700012,GOOGL,2023900
278,637.049988,637.049988,2015-09-03,651.25,633.809998,647.929993,GOOGL,1728600
279,644.909973,644.909973,2015-09-02,645.059998,630.640015,638.00,GOOGL,1881500
280,629.559998,629.559998,2015-09-01,644.440002,625.059998,633.809998,GOOGL,2572900
281,647.820007,647.820007,2015-08-31,664.409973,646.349976,654.340027,GOOGL,1946800
282,659.690002,659.690002,2015-08-28,667.00,653.75,665.76001,GOOGL,1941800
283,667.960022,667.960022,2015-08-27,673.97998,651.099976,671.98999,GOOGL,2948700
284,659.73999,659.73999,2015-08-26,662.47998,630.369995,643.099976,GOOGL,4387000
285,612.469971,612.469971,2015-08-25,647.00,611.669983,646.469971,GOOGL,3571500
286,618.109985,618.109985,2015-08-24,627.679993,593.090027,600.599976,GOOGL,6489400
287,644.030029,644.030029,2015-08-21,672.890015,643.099976,671.039978,GOOGL,4594000
288,679.47998,679.47998,2015-08-20,696.159973,675.280029,689.099976,GOOGL,2889900
289,694.039978,694.039978,2015-08-19,700.200012,686.799988,690.109985,GOOGL,2504000
290,688.72998,688.72998,2015-08-18,695.76001,685.320007,691.070007,GOOGL,1385500
291,694.109985,694.109985,2015-08-17,694.73999,683.059998,688.039978,GOOGL,1234000
292,689.369995,689.369995,2015-08-14,692.26001,682.900024,684.039978,GOOGL,1379900
293,686.51001,686.51001,2015-08-13,694.030029,682.179993,689.200012,GOOGL,1817700
294,691.469971,691.469971,2015-08-12,696.00,680.51001,694.48999,GOOGL,2924900
295,690.299988,690.299988,2015-08-11,704.00,684.320007,699.580017,GOOGL,5494000
296,663.140015,663.140015,2015-08-10,671.619995,660.22998,667.090027,GOOGL,1722900
297,664.390015,664.390015,2015-08-07,668.799988,658.869995,667.780029,GOOGL,1377200
298,670.150024,670.150024,2015-08-06,674.75,660.72998,673.98999,GOOGL,2033000
299,673.289978,673.289978,2015-08-05,679.909973,665.580017,665.75,GOOGL,1822400
300,661.280029,661.280029,2015-08-04,668.00,660.51001,664.340027,GOOGL,1309400
301,664.719971,664.719971,2015-08-03,666.669983,657.659973,657.659973,GOOGL,1567400
302,657.50,657.50,2015-07-31,665.00,657.200012,664.700012,GOOGL,1746100
303,664.559998,664.559998,2015-07-30,668.049988,651.690002,657.440002,GOOGL,1980300
304,661.429993,661.429993,2015-07-29,663.330017,652.840027,662.26001,GOOGL,1837800
305,659.659973,659.659973,2015-07-28,664.099976,653.409973,661.76001,GOOGL,1718200
306,658.27002,658.27002,2015-07-27,667.070007,651.549988,651.570007,GOOGL,2919100
307,654.77002,654.77002,2015-07-24,677.789978,653.179993,676.77002,GOOGL,4131100
308,674.72998,674.72998,2015-07-23,696.070007,671.590027,691.849976,GOOGL,3811600
309,695.099976,695.099976,2015-07-22,713.330017,691.619995,694.02002,GOOGL,4155000
310,695.349976,695.349976,2015-07-21,705.599976,684.150024,684.880005,GOOGL,3780200
311,692.840027,692.840027,2015-07-20,697.799988,681.77002,688.97998,GOOGL,5121800
312,699.619995,699.619995,2015-07-17,703.00,678.00,680.00,GOOGL,12858100
313,601.780029,601.780029,2015-07-16,604.50,587.919983,589.50,GOOGL,5632100
314,583.960022,583.960022,2015-07-15,588.690002,580.210022,583.73999,GOOGL,2073300
315,584.179993,584.179993,2015-07-14,589.710022,574.169983,574.50,GOOGL,3741600
316,571.72998,571.72998,2015-07-13,572.849976,558.700012,559.51001,GOOGL,2089600
317,556.109985,556.109985,2015-07-10,559.289978,552.00,553.710022,GOOGL,2171800
318,544.650024,544.650024,2015-07-09,548.880005,544.619995,548.650024,GOOGL,1480000
319,541.700012,541.700012,2015-07-08,548.280029,541.200012,545.599976,GOOGL,1383100
320,550.030029,550.030029,2015-07-07,551.00,539.849976,547.429993,GOOGL,1678900
321,545.619995,545.619995,2015-07-06,548.580017,542.099976,542.25,GOOGL,1280700
322,547.340027,547.340027,2015-07-02,548.00,543.570007,544.73999,GOOGL,1406200
323,543.299988,543.299988,2015-07-01,545.809998,539.76001,543.659973,GOOGL,1538000
324,540.039978,540.039978,2015-06-30,545.900024,539.539978,545.090027,GOOGL,1725500
325,541.25,541.25,2015-06-29,550.900024,540.23999,546.75,GOOGL,1887800
326,553.059998,553.059998,2015-06-26,560.00,551.849976,559.710022,GOOGL,2183800
327,557.950012,557.950012,2015-06-25,563.140015,557.460022,560.299988,GOOGL,1334200
328,558.570007,558.570007,2015-06-24,562.640015,556.809998,562.47998,GOOGL,1446200
329,563.390015,563.390015,2015-06-23,564.900024,557.150024,559.789978,GOOGL,1569800
330,559.679993,559.679993,2015-06-22,565.609985,558.909973,559.409973,GOOGL,1737600
331,557.52002,557.52002,2015-06-19,557.909973,552.26001,556.52002,GOOGL,2964500
332,556.179993,556.179993,2015-06-18,557.25,548.00,548.00,GOOGL,2059600
333,546.599976,546.599976,2015-06-17,548.359985,541.809998,545.419983,GOOGL,1222000
334,544.869995,544.869995,2015-06-16,546.690002,541.570007,544.47998,GOOGL,1626300
335,543.00,543.00,2015-06-15,544.049988,539.210022,542.72998,GOOGL,1357500
336,547.469971,547.469971,2015-06-12,548.849976,545.630005,547.150024,GOOGL,1273400
337,550.039978,550.039978,2015-06-11,554.830017,549.169983,554.48999,GOOGL,1293600
338,552.599976,552.599976,2015-06-10,554.780029,545.109985,545.700012,GOOGL,1515800
339,542.159973,542.159973,2015-06-09,544.840027,538.849976,543.419983,GOOGL,1500800
340,543.47998,543.47998,2015-06-08,549.869995,542.950012,549.609985,GOOGL,1366800
341,549.530029,549.530029,2015-06-05,553.330017,547.380005,552.00,GOOGL,1219800
342,551.690002,551.690002,2015-06-04,555.960022,549.119995,552.179993,GOOGL,1343300
343,555.289978,555.289978,2015-06-03,557.98999,552.150024,555.099976,GOOGL,1330800
344,553.950012,553.950012,2015-06-02,558.789978,546.549988,547.429993,GOOGL,1592100
345,549.210022,549.210022,2015-06-01,550.570007,543.580017,548.72998,GOOGL,1660500
346,545.320007,545.320007,2015-05-29,553.940002,545.039978,553.200012,GOOGL,2172300
347,554.179993,554.179993,2015-05-28,555.76001,550.799988,553.789978,GOOGL,1177200
348,554.25,554.25,2015-05-27,555.289978,546.580017,548.679993,GOOGL,1742200
349,547.190002,547.190002,2015-05-26,553.330017,542.969971,552.580017,GOOGL,1873700
350,554.52002,554.52002,2015-05-22,558.23999,553.619995,554.460022,GOOGL,1213300
351,556.809998,556.809998,2015-05-21,557.609985,549.299988,550.200012,GOOGL,1708500
352,552.51001,552.51001,2015-05-20,556.070007,545.099976,550.919983,GOOGL,1542000
353,549.280029,549.280029,2015-05-19,553.400024,547.119995,548.00,GOOGL,2356300
354,546.669983,546.669983,2015-05-18,548.340027,542.25,543.820007,GOOGL,1335300
355,546.48999,546.48999,2015-05-15,550.599976,542.50,550.390015,GOOGL,1672000
356,549.200012,549.200012,2015-05-14,549.690002,542.50,543.969971,GOOGL,1586800
357,539.48999,539.48999,2015-05-13,543.840027,538.97998,540.469971,GOOGL,1211900
358,538.72998,538.72998,2015-05-12,542.960022,535.00,542.809998,GOOGL,1764100
359,545.780029,545.780029,2015-05-11,553.369995,545.599976,548.48999,GOOGL,1092900
360,548.950012,548.950012,2015-05-08,552.799988,548.030029,548.869995,GOOGL,1411300
361,542.039978,542.039978,2015-05-07,545.200012,533.450012,535.900024,GOOGL,1592200
362,535.080017,535.080017,2015-05-06,543.929993,532.23999,542.640015,GOOGL,1951700
363,543.039978,543.039978,2015-05-05,552.609985,542.369995,550.159973,GOOGL,1426400
364,552.840027,552.840027,2015-05-04,556.690002,547.390015,550.98999,GOOGL,1763000
365,551.159973,551.159973,2015-05-01,551.219971,543.849976,550.51001,GOOGL,1828600
366,548.77002,548.77002,2015-04-30,561.109985,546.719971,558.559998,GOOGL,2362000
367,561.390015,561.390015,2015-04-29,565.840027,559.00,560.51001,GOOGL,1681100
368,564.369995,564.369995,2015-04-28,567.830017,560.960022,564.320007,GOOGL,1858900
369,566.119995,566.119995,2015-04-27,575.52002,562.299988,572.77002,GOOGL,2403100
370,573.659973,573.659973,2015-04-24,584.700012,568.349976,580.049988,GOOGL,4608400
371,557.460022,557.460022,2015-04-23,561.169983,550.080017,550.409973,GOOGL,3909200
372,549.179993,549.179993,2015-04-22,551.00,541.320007,543.059998,GOOGL,1590300
373,542.919983,542.919983,2015-04-21,547.77002,542.210022,546.309998,GOOGL,1456400
374,544.530029,544.530029,2015-04-20,545.799988,533.349976,533.75,GOOGL,1925400
375,532.73999,532.73999,2015-04-17,539.799988,529.00,537.309998,GOOGL,2461700
376,543.52002,543.52002,2015-04-16,545.22998,538.099976,538.349976,GOOGL,1586100
377,541.039978,541.039978,2015-04-15,543.190002,532.369995,537.960022,GOOGL,2348100
378,539.780029,539.780029,2015-04-14,546.570007,535.73999,546.570007,GOOGL,2360300
379,548.640015,548.640015,2015-04-13,553.27002,546.299988,547.049988,GOOGL,1466300
380,548.539978,548.539978,2015-04-10,549.849976,544.97998,549.570007,GOOGL,1305200
381,548.02002,548.02002,2015-04-09,549.369995,541.950012,549.210022,GOOGL,1618300
382,548.840027,548.840027,2015-04-08,551.50,546.00,546.00,GOOGL,1419300
383,544.859985,544.859985,2015-04-07,550.159973,543.590027,544.98999,GOOGL,1365900
384,543.950012,543.950012,2015-04-06,545.539978,535.700012,538.840027,GOOGL,1685900
385,541.309998,541.309998,2015-04-02,548.00,540.440002,547.409973,GOOGL,2388000
386,549.48999,549.48999,2015-04-01,558.50,546.030029,554.830017,GOOGL,1945100
387,554.700012,554.700012,2015-03-31,562.450012,554.669983,557.940002,GOOGL,1746600
388,561.140015,561.140015,2015-03-30,562.159973,556.789978,560.25,GOOGL,1239400
389,557.549988,557.549988,2015-03-27,564.070007,556.929993,561.830017,GOOGL,1727600
390,563.640015,563.640015,2015-03-26,567.190002,558.309998,564.650024,GOOGL,2492100
391,567.00,567.00,2015-03-25,580.070007,567.00,577.570007,GOOGL,2653500
392,577.539978,577.539978,2015-03-24,581.880005,568.090027,568.539978,GOOGL,3957800
393,565.369995,565.369995,2015-03-23,569.640015,563.059998,566.00,GOOGL,1511700
394,564.950012,564.950012,2015-03-20,567.099976,564.47998,566.710022,GOOGL,2216000
395,563.669983,563.669983,2015-03-19,566.960022,562.119995,564.52002,GOOGL,1233000
396,566.159973,566.159973,2015-03-18,566.51001,553.50,557.72998,GOOGL,1766200
397,557.609985,557.609985,2015-03-17,560.640015,554.409973,558.289978,GOOGL,1444600
398,561.640015,561.640015,2015-03-16,563.75,551.320007,556.929993,GOOGL,1842800
399,553.00,553.00,2015-03-13,564.359985,550.330017,559.22998,GOOGL,1771400
400,561.169983,561.169983,2015-03-12,561.840027,555.530029,558.47998,GOOGL,1780100
401,555.690002,555.690002,2015-03-11,564.179993,555.409973,559.799988,GOOGL,2026200
402,559.849976,559.849976,2015-03-10,569.76001,559.820007,568.47998,GOOGL,2004000
403,574.099976,574.099976,2015-03-09,575.450012,569.049988,570.919983,GOOGL,1173900
404,572.900024,572.900024,2015-03-06,582.780029,572.059998,582.00,GOOGL,1879600
405,581.429993,581.429993,2015-03-05,583.200012,578.22998,579.619995,GOOGL,1795900
406,578.330017,578.330017,2015-03-04,581.630005,572.52002,576.969971,GOOGL,1898200
407,578.789978,578.789978,2015-03-03,580.849976,570.50,576.349976,GOOGL,2526300
408,575.02002,575.02002,2015-03-02,575.98999,563.150024,567.00,GOOGL,2520300
409,562.630005,562.630005,2015-02-27,569.419983,557.030029,558.150024,GOOGL,3416400
410,559.289978,559.289978,2015-02-26,560.130005,545.090027,545.73999,GOOGL,2701600
411,547.330017,547.330017,2015-02-25,549.570007,538.01001,538.440002,GOOGL,2041800
412,538.650024,538.650024,2015-02-24,539.400024,531.00,531.549988,GOOGL,1420300
413,535.00,535.00,2015-02-23,539.299988,532.00,539.00,GOOGL,1645300
414,541.799988,541.799988,2015-02-20,547.580017,538.099976,547.580017,GOOGL,1911700
415,546.450012,546.450012,2015-02-19,546.859985,540.75,542.469971,GOOGL,1541700
416,542.650024,542.650024,2015-02-18,547.549988,539.549988,543.820007,GOOGL,1558200
417,545.01001,545.01001,2015-02-17,553.00,543.26001,551.159973,GOOGL,1958700
418,551.159973,551.159973,2015-02-13,552.539978,546.599976,547.51001,GOOGL,2369100
419,546.01001,546.01001,2015-02-12,548.340027,537.00,539.659973,GOOGL,2429500
420,538.00,538.00,2015-02-11,541.950012,536.00,539.72998,GOOGL,1915300
421,540.159973,540.159973,2015-02-10,541.00,529.169983,532.150024,GOOGL,2371500
422,529.280029,529.280029,2015-02-09,533.880005,527.549988,531.059998,GOOGL,1515700
423,533.880005,533.880005,2015-02-06,540.219971,528.650024,531.01001,GOOGL,2146900
424,529.830017,529.830017,2015-02-05,530.690002,525.640015,527.929993,GOOGL,1658800
425,526.099976,526.099976,2015-02-04,536.75,525.030029,533.140015,GOOGL,1694800
426,533.299988,533.299988,2015-02-03,537.450012,526.809998,529.940002,GOOGL,2353100
427,532.200012,532.200012,2015-02-02,536.50,521.719971,534.320007,GOOGL,3768900
428,537.549988,537.549988,2015-01-30,543.099976,518.179993,519.00,GOOGL,6055400
429,513.22998,513.22998,2015-01-29,515.190002,503.480011,512.900024,GOOGL,3950900
430,512.429993,512.429993,2015-01-28,525.690002,512.349976,525.00,GOOGL,1791100
431,521.190002,521.190002,2015-01-27,532.780029,520.859985,531.400024,GOOGL,1957400
432,536.719971,536.719971,2015-01-26,541.50,532.070007,541.50,GOOGL,1546600
433,541.950012,541.950012,2015-01-23,545.409973,535.75,538.030029,GOOGL,2298300
434,537.299988,537.299988,2015-01-22,538.840027,521.909973,523.00,GOOGL,2803400
435,520.390015,520.390015,2015-01-21,521.849976,509.589996,510.839996,GOOGL,2317800
436,509.940002,509.940002,2015-01-20,515.609985,509.369995,512.77002,GOOGL,2339800
437,510.459991,510.459991,2015-01-16,510.850006,503.089996,503.149994,GOOGL,2482900
438,504.01001,504.01001,2015-01-15,509.75,502.01001,508.890015,GOOGL,2553400
439,505.929993,505.929993,2015-01-14,508.26001,498.160004,500.420013,GOOGL,2566700
440,501.799988,501.799988,2015-01-13,508.600006,497.26001,502.570007,GOOGL,3047900
441,497.059998,497.059998,2015-01-12,500.279999,490.910004,499.23999,GOOGL,2856900
442,500.720001,500.720001,2015-01-09,508.600006,498.649994,508.179993,GOOGL,2100000
443,506.910004,506.910004,2015-01-08,507.50,495.019989,501.51001,GOOGL,3652700
444,505.149994,505.149994,2015-01-07,511.48999,503.649994,510.950012,GOOGL,2345900
445,506.640015,506.640015,2015-01-06,521.210022,505.549988,520.50,GOOGL,2722800
446,519.460022,519.460022,2015-01-05,527.98999,517.75,527.150024,GOOGL,2059100
447,529.549988,529.549988,2015-01-02,535.799988,527.880005,532.599976,GOOGL,1324000
448,530.659973,530.659973,2014-12-31,538.400024,530.200012,537.73999,GOOGL,1232400
449,535.280029,535.280029,2014-12-30,537.840027,533.609985,534.960022,GOOGL,1048600
450,537.309998,537.309998,2014-12-29,543.929993,537.159973,540.50,GOOGL,2215000
451,541.52002,541.52002,2014-12-26,543.25,535.48999,536.929993,GOOGL,1113500
452,536.929993,536.929993,2014-12-24,540.289978,535.099976,538.820007,GOOGL,737700
453,538.77002,538.77002,2014-12-23,542.299988,533.719971,534.51001,GOOGL,2877200
454,532.299988,532.299988,2014-12-22,532.969971,520.590027,520.609985,GOOGL,3319500
455,520.039978,520.039978,2014-12-19,520.809998,508.859985,516.98999,GOOGL,4872100
456,514.619995,514.619995,2014-12-18,516.25,506.559998,515.98999,GOOGL,3876700
457,506.450012,506.450012,2014-12-17,509.070007,499.109985,499.859985,GOOGL,3639400
458,498.160004,498.160004,2014-12-16,515.580017,497.190002,513.599976,GOOGL,4349900
459,515.840027,515.840027,2014-12-15,525.369995,515.400024,523.76001,GOOGL,2617600
460,521.51001,521.51001,2014-12-12,532.23999,521.460022,527.440002,GOOGL,2365700
461,532.109985,532.109985,2014-12-11,537.039978,529.159973,530.01001,GOOGL,2071300
462,528.039978,528.039978,2014-12-10,539.359985,527.48999,535.900024,GOOGL,2311100
463,536.109985,536.109985,2014-12-09,536.650024,523.409973,525.880005,GOOGL,2166100
464,530.72998,530.72998,2014-12-08,533.820007,527.00,529.219971,GOOGL,3228300
465,528.080017,528.080017,2014-12-05,538.200012,527.26001,536.700012,GOOGL,3070100
466,542.580017,542.580017,2014-12-04,542.690002,534.890015,537.640015,GOOGL,1629900
467,536.969971,536.969971,2014-12-03,541.409973,535.210022,537.50,GOOGL,1623800
468,538.590027,538.590027,2014-12-02,541.849976,534.659973,539.450012,GOOGL,2074000
469,539.650024,539.650024,2014-12-01,548.789978,538.619995,545.090027,GOOGL,1994400
470,549.080017,549.080017,2014-11-28,549.599976,544.47998,547.00,GOOGL,1210100
471,547.72998,547.72998,2014-11-26,549.880005,545.22998,549.22998,GOOGL,1480200
472,549.22998,549.22998,2014-11-25,552.50,546.909973,547.210022,GOOGL,1903600
473,547.47998,547.47998,2014-11-24,551.190002,544.150024,546.570007,GOOGL,1653800
474,545.890015,545.890015,2014-11-21,551.039978,545.00,551.039978,GOOGL,2506000
475,543.76001,543.76001,2014-11-20,545.380005,541.50,542.090027,GOOGL,1750800
476,547.200012,547.200012,2014-11-19,548.219971,539.190002,544.75,GOOGL,1517300
477,544.51001,544.51001,2014-11-18,552.789978,543.799988,547.929993,GOOGL,1822000
478,546.640015,546.640015,2014-11-17,555.190002,544.440002,555.190002,GOOGL,1680600
479,555.190002,555.190002,2014-11-14,558.00,552.51001,558.00,GOOGL,1425100
480,556.440002,556.440002,2014-11-13,560.820007,554.090027,560.809998,GOOGL,1511000
481,558.25,558.25,2014-11-12,561.25,555.50,561.150024,GOOGL,1094100
482,561.289978,561.289978,2014-11-11,562.50,556.23999,558.52002,GOOGL,1098300
483,558.22998,558.22998,2014-11-10,560.630005,551.619995,552.400024,GOOGL,1304500
484,551.820007,551.820007,2014-11-07,555.599976,549.349976,555.599976,GOOGL,1589100
485,551.690002,551.690002,2014-11-06,556.799988,550.580017,555.50,GOOGL,1650700
486,555.950012,555.950012,2014-11-05,566.900024,554.150024,566.789978,GOOGL,1645300
487,564.190002,564.190002,2014-11-04,564.789978,558.299988,561.159973,GOOGL,1386300
488,563.77002,563.77002,2014-11-03,567.150024,561.630005,563.530029,GOOGL,1541700
489,567.869995,567.869995,2014-10-31,568.72998,564.809998,568.299988,GOOGL,2340500
490,560.27002,560.27002,2014-10-30,562.50,552.130005,558.25,GOOGL,1612500
491,558.450012,558.450012,2014-10-29,564.969971,555.97998,560.849976,GOOGL,2053300
492,558.940002,558.940002,2014-10-28,559.200012,550.429993,551.710022,GOOGL,1738700
493,549.880005,549.880005,2014-10-27,554.00,547.200012,547.76001,GOOGL,1596700
494,548.900024,548.900024,2014-10-24,555.00,545.159973,554.97998,GOOGL,2175400
495,553.650024,553.650024,2014-10-23,557.400024,545.50,548.280029,GOOGL,2151300
496,542.690002,542.690002,2014-10-22,550.76001,540.22998,541.049988,GOOGL,2973700
497,538.030029,538.030029,2014-10-21,538.77002,530.200012,537.27002,GOOGL,2459500
498,532.380005,532.380005,2014-10-20,533.159973,519.140015,520.450012,GOOGL,2748200
499,522.969971,522.969971,2014-10-17,543.450012,518.409973,540.450012,GOOGL,5996500
500,536.919983,536.919983,2014-10-16,540.98999,524.950012,527.00,GOOGL,3805000
501,540.72998,540.72998,2014-10-15,543.919983,528.419983,542.080017,GOOGL,3836000
502,548.690002,548.690002,2014-10-14,558.630005,544.50,550.140015,GOOGL,2609900
503,544.75,544.75,2014-10-13,560.880005,544.429993,555.130005,GOOGL,2755800
504,555.190002,555.190002,2014-10-10,575.22998,555.01001,567.469971,GOOGL,2978700
505,570.809998,570.809998,2014-10-09,582.530029,569.030029,581.609985,GOOGL,2411700
506,583.73999,583.73999,2014-10-08,584.690002,567.640015,574.789978,GOOGL,2207900
507,574.099976,574.099976,2014-10-07,585.849976,574.099976,584.900024,GOOGL,1545700
508,587.780029,587.780029,2014-10-06,592.400024,585.400024,589.950012,GOOGL,1286100
509,586.25,586.25,2014-10-03,588.289978,583.50,584.099976,GOOGL,1214500
510,580.880005,580.880005,2014-10-02,583.23999,574.049988,578.00,GOOGL,1536300
511,579.630005,579.630005,2014-10-01,588.719971,578.02002,586.799988,GOOGL,1447700
512,588.409973,588.409973,2014-09-30,591.00,584.50,587.48999,GOOGL,1571500
513,587.809998,587.809998,2014-09-29,589.309998,581.570007,581.830017,GOOGL,1143700
514,587.900024,587.900024,2014-09-26,589.570007,585.00,585.929993,GOOGL,1289100
515,585.25,585.25,2014-09-25,598.070007,584.73999,596.98999,GOOGL,1671000
516,598.419983,598.419983,2014-09-24,600.109985,590.299988,591.570007,GOOGL,1758000
517,591.179993,591.179993,2014-09-23,596.650024,590.23999,595.00,GOOGL,1403700
518,597.27002,597.27002,2014-09-22,603.799988,593.119995,602.50,GOOGL,1782200
519,605.400024,605.400024,2014-09-19,605.400024,597.76001,599.48999,GOOGL,4191600
520,597.27002,597.27002,2014-09-18,597.559998,593.02002,595.049988,GOOGL,1494500
521,593.289978,593.289978,2014-09-17,596.070007,587.119995,589.51001,GOOGL,1719500
522,588.780029,588.780029,2014-09-16,590.150024,580.950012,580.950012,GOOGL,1579600
523,581.640015,581.640015,2014-09-15,583.919983,577.01001,582.23999,GOOGL,1545400
524,584.900024,584.900024,2014-09-12,591.47998,583.280029,590.390015,GOOGL,1851500
525,591.109985,591.109985,2014-09-11,591.950012,586.039978,590.00,GOOGL,1501400
526,593.419983,593.419983,2014-09-10,593.719971,587.140015,591.73999,GOOGL,1160100
527,591.969971,591.969971,2014-09-09,600.599976,590.47998,600.27002,GOOGL,1571200
528,601.630005,601.630005,2014-09-08,603.52002,598.02002,599.140015,GOOGL,1599200
529,597.780029,597.780029,2014-09-05,598.50,593.549988,595.130005,GOOGL,1799100
530,593.140015,593.140015,2014-09-04,598.00,590.599976,592.130005,GOOGL,1630800
531,589.52002,589.52002,2014-09-03,594.48999,586.50,591.72998,GOOGL,1579000
532,588.630005,588.630005,2014-09-02,589.299988,582.400024,582.950012,GOOGL,1583000
533,582.359985,582.359985,2014-08-29,582.900024,578.23999,582.349976,GOOGL,1206100
534,580.320007,580.320007,2014-08-28,584.710022,577.880005,580.02002,GOOGL,1405800
535,583.00,583.00,2014-08-27,589.369995,580.900024,587.809998,GOOGL,1364600
536,588.119995,588.119995,2014-08-26,592.049988,587.450012,592.00,GOOGL,1471700
537,590.570007,590.570007,2014-08-25,595.580017,589.26001,594.77002,GOOGL,1295600
538,592.539978,592.539978,2014-08-22,594.98999,589.799988,593.27002,GOOGL,877200
539,592.419983,592.419983,2014-08-21,595.25,591.099976,594.900024,GOOGL,1132000
540,595.409973,595.409973,2014-08-20,596.98999,593.00,596.950012,GOOGL,967300
541,597.109985,597.109985,2014-08-19,597.809998,594.440002,595.590027,GOOGL,1043200
542,592.700012,592.700012,2014-08-18,595.049988,586.549988,587.099976,GOOGL,1466000
543,583.710022,583.710022,2014-08-15,589.469971,580.76001,587.50,GOOGL,1723400
544,584.650024,584.650024,2014-08-14,587.799988,580.919983,586.690002,GOOGL,1272900
545,584.559998,584.559998,2014-08-13,586.130005,575.200012,576.450012,GOOGL,1899400
546,572.119995,572.119995,2014-08-12,575.900024,569.909973,575.00,GOOGL,1394500
547,577.25,577.25,2014-08-11,579.690002,575.299988,579.00,GOOGL,1203400
548,577.940002,577.940002,2014-08-08,579.559998,569.02002,572.02002,GOOGL,1493300
549,571.809998,571.809998,2014-08-07,578.309998,569.429993,576.049988,GOOGL,1163000
550,574.48999,574.48999,2014-08-06,578.640015,567.450012,569.50,GOOGL,1322800
551,573.140015,573.140015,2014-08-05,580.200012,570.309998,579.380005,GOOGL,1643800
552,582.27002,582.27002,2014-08-04,583.820007,572.26001,576.51001,GOOGL,1519400
553,573.599976,573.599976,2014-08-01,583.429993,570.299988,578.549988,GOOGL,2213300
554,579.549988,579.549988,2014-07-31,591.98999,577.679993,588.960022,GOOGL,2309500
555,595.440002,595.440002,2014-07-30,598.450012,592.700012,595.809998,GOOGL,1215100
556,593.950012,593.950012,2014-07-29,598.48999,592.169983,597.700012,GOOGL,1366600
557,599.02002,599.02002,2014-07-28,601.099976,592.590027,597.75,GOOGL,1358100
558,598.080017,598.080017,2014-07-25,601.00,595.75,599.25,GOOGL,1360000
559,603.01001,603.01001,2014-07-24,608.909973,601.00,605.530029,GOOGL,1355000
560,605.190002,605.190002,2014-07-23,607.049988,601.349976,602.049988,GOOGL,1106000
561,603.570007,603.570007,2014-07-22,608.890015,599.26001,599.700012,GOOGL,1881600
562,598.440002,598.440002,2014-07-21,604.159973,594.450012,601.349976,GOOGL,2237900
563,605.109985,605.109985,2014-07-18,606.700012,590.919983,603.01001,GOOGL,4871600
564,580.820007,580.820007,2014-07-17,589.50,576.849976,588.969971,GOOGL,2935300
565,590.619995,590.619995,2014-07-16,597.00,590.25,596.890015,GOOGL,1440800
566,593.059998,593.059998,2014-07-15,595.299988,585.309998,595.150024,GOOGL,1673800
567,594.26001,594.26001,2014-07-14,594.859985,586.690002,590.599976,GOOGL,1951600
568,586.650024,586.650024,2014-07-11,588.22998,580.580017,581.00,GOOGL,1511600
569,580.039978,580.039978,2014-07-10,585.25,572.099976,573.00,GOOGL,1436200
570,583.359985,583.359985,2014-07-09,584.099976,577.00,578.950012,GOOGL,1372800
571,578.400024,578.400024,2014-07-08,587.969971,574.00,586.369995,GOOGL,2125200
572,590.76001,590.76001,2014-07-07,595.650024,587.940002,593.51001,GOOGL,1336700
573,593.080017,593.080017,2014-07-03,594.25,589.00,591.700012,GOOGL,898900
574,590.780029,590.780029,2014-07-02,594.150024,589.109985,592.26001,GOOGL,1195800
575,591.48999,591.48999,2014-07-01,593.659973,586.289978,587.650024,GOOGL,1643200
576,584.669983,584.669983,2014-06-30,587.710022,583.289978,586.76001,GOOGL,1478900
577,585.690002,585.690002,2014-06-27,587.880005,582.619995,585.450012,GOOGL,2021300
578,584.77002,584.77002,2014-06-26,589.599976,579.599976,589.299988,GOOGL,2012400
579,585.929993,585.929993,2014-06-25,587.299988,573.26001,573.549988,GOOGL,2114700
580,572.539978,572.539978,2014-06-24,582.25,569.159973,574.219971,GOOGL,2844300
581,574.289978,574.289978,2014-06-23,574.440002,563.50,564.349976,GOOGL,1722800
582,566.52002,566.52002,2014-06-20,566.77002,559.369995,566.450012,GOOGL,3160600
583,564.98999,564.98999,2014-06-19,565.00,556.669983,561.150024,GOOGL,2627400
584,560.659973,560.659973,2014-06-18,561.400024,551.580017,552.799988,GOOGL,2060600
585,550.619995,550.619995,2014-06-17,553.73999,547.469971,552.359985,GOOGL,1477600
586,552.299988,552.299988,2014-06-16,557.98999,550.00,557.25,GOOGL,1971800
587,560.349976,560.349976,2014-06-13,560.650024,553.719971,560.080017,GOOGL,1353300
588,559.50,559.50,2014-06-12,567.00,557.150024,567.00,GOOGL,1546500
589,567.50,567.50,2014-06-11,568.969971,563.679993,565.919983,GOOGL,1129000
590,568.299988,568.299988,2014-06-10,572.00,566.130005,568.780029,GOOGL,1483800
591,570.72998,570.72998,2014-06-09,572.00,565.219971,566.75,GOOGL,1529700
592,566.030029,566.030029,2014-06-06,568.799988,559.580017,568.159973,GOOGL,1740200
593,564.929993,564.929993,2014-06-05,565.00,555.049988,557.109985,GOOGL,1793400
594,553.76001,553.76001,2014-06-04,558.580017,548.559998,551.52002,GOOGL,1729100
595,554.51001,554.51001,2014-06-03,562.400024,552.530029,560.900024,GOOGL,2031300
596,564.340027,564.340027,2014-06-02,570.409973,556.700012,569.75,GOOGL,1660500
597,571.650024,571.650024,2014-05-30,572.580017,565.789978,571.640015,GOOGL,1871700
598,570.559998,570.559998,2014-05-29,573.47998,568.450012,573.390015,GOOGL,1411100
599,570.450012,570.450012,2014-05-28,577.659973,569.950012,574.570007,GOOGL,1581600
600,574.869995,574.869995,2014-05-27,574.869995,564.150024,567.780029,GOOGL,2185800
601,563.799988,563.799988,2014-05-23,565.00,554.169983,558.130005,GOOGL,2672500
602,555.450012,555.450012,2014-05-22,557.960022,551.00,552.200012,GOOGL,2149700
603,549.700012,549.700012,2014-05-21,549.75,542.109985,542.900024,GOOGL,1564700
604,540.390015,540.390015,2014-05-20,546.349976,536.570007,540.00,GOOGL,2425300
605,538.830017,538.830017,2014-05-19,539.349976,525.659973,528.880005,GOOGL,1976500
606,528.299988,528.299988,2014-05-16,530.840027,523.570007,529.599976,GOOGL,1907700
607,529.119995,529.119995,2014-05-15,534.00,525.309998,533.140015,GOOGL,1832900
608,534.409973,534.409973,2014-05-14,541.820007,533.109985,541.820007,GOOGL,1280900
609,541.539978,541.539978,2014-05-13,543.98999,537.900024,539.580017,GOOGL,2012000
610,538.429993,538.429993,2014-05-12,538.75,527.51001,531.840027,GOOGL,1948400
611,526.619995,526.619995,2014-05-09,527.349976,514.280029,518.650024,GOOGL,2261200
612,520.169983,520.169983,2014-05-08,527.349976,514.460022,515.719971,GOOGL,2452000
613,518.00,518.00,2014-05-07,524.429993,511.089996,523.25,GOOGL,3074300
614,522.570007,522.570007,2014-05-06,534.549988,522.26001,533.409973,GOOGL,1835000
615,535.330017,535.330017,2014-05-05,535.719971,527.580017,530.23999,GOOGL,1228400
616,533.869995,533.869995,2014-05-02,542.400024,533.27002,541.440002,GOOGL,1780800
617,538.530029,538.530029,2014-05-01,539.909973,532.859985,534.25,GOOGL,2004300
618,534.880005,534.880005,2014-04-30,536.340027,529.090027,535.119995,GOOGL,2038500
619,536.330017,536.330017,2014-04-29,537.76001,523.00,523.890015,GOOGL,2535200
620,522.97998,522.97998,2014-04-28,525.900024,511.00,525.799988,GOOGL,3752800
621,523.099976,523.099976,2014-04-25,533.859985,522.50,532.26001,GOOGL,2370000
622,534.440002,534.440002,2014-04-24,542.50,531.00,541.690002,GOOGL,2067400
623,537.51001,537.51001,2014-04-23,544.799988,528.130005,543.669983,GOOGL,1955700
624,545.50,545.50,2014-04-22,548.00,536.00,536.00,GOOGL,2331100
625,539.369995,539.369995,2014-04-21,544.00,534.00,544.00,GOOGL,2425100
626,543.340027,543.340027,2014-04-17,557.00,539.400024,556.320007,GOOGL,5614700
627,563.900024,563.900024,2014-04-16,564.00,553.099976,557.700012,GOOGL,4582200
628,548.700012,548.700012,2014-04-15,552.890015,530.640015,551.00,GOOGL,3997800
629,545.200012,545.200012,2014-04-14,553.02002,540.52002,543.659973,GOOGL,2541200
630,537.76001,537.76001,2014-04-11,547.590027,533.400024,537.940002,GOOGL,3174700
631,546.690002,546.690002,2014-04-10,568.210022,545.50,568.00,GOOGL,3294500
632,567.039978,567.039978,2014-04-09,567.799988,555.380005,565.840027,GOOGL,3031600
633,557.51001,557.51001,2014-04-08,559.880005,544.700012,545.049988,GOOGL,3482500
634,540.630005,540.630005,2014-04-07,549.849976,530.530029,544.789978,GOOGL,3961600
635,545.25,545.25,2014-04-04,579.719971,544.48999,578.549988,GOOGL,5363700
636,571.50,571.50,2014-04-03,588.299988,566.01001,573.390015,GOOGL,4018300
637,568.11811,1135.099984,2014-04-02,1144.799992,1124.000011,1141.900062,GOOGL,4168000
638,568.013008,1134.88999,2014-04-01,1137.500048,1118.000036,1120.269981,GOOGL,4357600
639,557.812812,1114.509999,2014-03-31,1134.999987,1112.85004,1130.399977,GOOGL,3880700
640,560.635627,1120.149983,2014-03-28,1133.190031,1117.770042,1119.000011,GOOGL,4513200
641,557.6977,1114.280005,2014-03-27,1131.940062,1102.100058,1130.849966,GOOGL,7636700
642,566.551582,1131.970061,2014-03-26,1171.57007,1131.500072,1162.01006,GOOGL,5154800
643,579.939949,1158.720018,2014-03-25,1169.83999,1147.00006,1165.999962,GOOGL,4815500
644,579.544563,1157.930037,2014-03-24,1184.899989,1145.949964,1184.190006,GOOGL,6068100
645,592.112129,1183.040034,2014-03-21,1209.629995,1182.450049,1206.310076,GOOGL,6410500
646,599.179207,1197.160055,2014-03-20,1209.609996,1195.359977,1199.949987,GOOGL,3366000
647,600.225227,1199.250004,2014-03-19,1211.990059,1194.410001,1211.800064,GOOGL,3222500
648,606.236214,1211.259955,2014-03-18,1211.530071,1193.060034,1194.669994,GOOGL,3626300
649,596.646675,1192.100057,2014-03-17,1197.070058,1178.110033,1179.250005,GOOGL,4319800
650,586.987007,1172.80004,2014-03-14,1190.869965,1172.530047,1181.99006,GOOGL,4583200
651,595.12513,1189.060009,2014-03-13,1210.499974,1184.759992,1207.950036,GOOGL,4686500
652,604.25428,1207.300052,2014-03-12,1207.850039,1184.190006,1196.400074,GOOGL,3924600
653,600.595589,1199.989986,2014-03-11,1214.320003,1196.640068,1213.770016,GOOGL,3422500
654,606.391426,1211.57007,2014-03-10,1217.640044,1204.090008,1215.689969,GOOGL,2426700
655,608.002999,1214.789991,2014-03-07,1226.990059,1211.440073,1226.800064,GOOGL,3027100
656,610.415413,1219.609995,2014-03-06,1226.149958,1218.60002,1222.280052,GOOGL,2533600
657,609.739754,1218.260028,2014-03-05,1223.080033,1211.410074,1215.049985,GOOGL,2468100
658,608.063057,1214.909988,2014-03-04,1215.999962,1209.499998,1214.999986,GOOGL,2932400
659,601.946968,1202.690042,2014-03-03,1207.840039,1192.140056,1206.750065,GOOGL,4205300
660,608.433418,1215.64997,2014-02-28,1224.190006,1206.219956,1220.339978,GOOGL,4622500
661,610.215218,1219.210005,2014-02-27,1224.230005,1217.010059,1218.390025,GOOGL,2517400
662,610.695687,1220.169982,2014-02-26,1228.880013,1213.760016,1224.00001,GOOGL,3960400
663,610.610604,1219.999986,2014-02-25,1224.499998,1210.419976,1215.939963,GOOGL,2874500
664,606.861885,1212.510047,2014-02-24,1220.159982,1205.099984,1205.359977,GOOGL,3345200
665,602.497505,1203.790016,2014-02-21,1209.869989,1202.840039,1207.810039,GOOGL,3720800
666,602.657662,1204.110008,2014-02-20,1206.890062,1200.219981,1203.140031,GOOGL,3398100
667,601.771797,1202.340051,2014-02-19,1209.220005,1197.500047,1205.299979,GOOGL,4202900
668,606.046028,1210.879965,2014-02-18,1212.870038,1199.999986,1201.410074,GOOGL,4213500
669,602.002022,1202.80004,2014-02-14,1204.390001,1192.80004,1195.609971,GOOGL,4369000
670,600.550545,1199.899989,2014-02-13,1199.899989,1179.659995,1180.749968,GOOGL,3669100
671,593.938972,1186.690067,2014-02-12,1189.999986,1181.380075,1189.000011,GOOGL,3445500
672,595.685677,1190.179982,2014-02-11,1191.870063,1172.210055,1180.169982,GOOGL,4097400
673,587.052071,1172.930037,2014-02-10,1182.40005,1169.02001,1171.800065,GOOGL,3886500
674,589.309334,1177.440049,2014-02-07,1177.900038,1160.559973,1167.630044,GOOGL,5267100
675,580.560554,1159.959988,2014-02-06,1160.159983,1147.550047,1151.129959,GOOGL,3889300
676,572.172188,1143.200031,2014-02-05,1150.769968,1128.020035,1143.380026,GOOGL,4784200
677,569.649666,1138.160032,2014-02-04,1154.999987,1137.01006,1137.990036,GOOGL,5618100
678,567.282295,1133.430025,2014-02-03,1181.720066,1132.01006,1179.200006,GOOGL,9129000
679,591.076057,1180.969963,2014-01-31,1186.540071,1151.129959,1171.350076,GOOGL,11121400
680,568.263252,1135.389977,2014-01-30,1152.490048,1127.250054,1144.999987,GOOGL,10172600
681,554.014045,1106.920062,2014-01-29,1121.750066,1099.420001,1119.120009,GOOGL,4755000
682,562.067085,1123.010036,2014-01-28,1125.749969,1109.939989,1110.319979,GOOGL,4415900
683,551.166145,1101.229957,2014-01-27,1126.500072,1082.270054,1126.09996,GOOGL,8698400
684,562.477485,1123.830016,2014-01-24,1153.550022,1123.000036,1151.009962,GOOGL,7777200
685,580.630623,1160.099984,2014-01-23,1162.490048,1154.370002,1159.999987,GOOGL,3894300
686,583.093086,1165.019986,2014-01-22,1167.890038,1158.860014,1166.610069,GOOGL,3139600
687,582.432442,1163.700018,2014-01-21,1164.000011,1151.299955,1160.929964,GOOGL,3955800
688,575.840828,1150.529974,2014-01-17,1160.629971,1144.200006,1156.850063,GOOGL,5397100
689,578.688667,1156.219957,2014-01-16,1157.930037,1148.000036,1149.100009,GOOGL,3364400
690,574.884895,1148.62002,2014-01-15,1154.999987,1143.790016,1152.990036,GOOGL,3896400
691,575.275276,1149.400001,2014-01-14,1150.999962,1128.090034,1137.950037,GOOGL,4960200
692,562.05207,1122.980036,2014-01-13,1146.910062,1117.170056,1126.470073,GOOGL,4832900
693,565.655647,1130.179983,2014-01-10,1139.080009,1122.250054,1139.080009,GOOGL,4282700
694,565.685676,1130.239981,2014-01-09,1144.220006,1125.559973,1143.440025,GOOGL,4164800
695,571.186165,1141.229957,2014-01-08,1147.320052,1133.290029,1145.999962,GOOGL,4480500
696,570.000007,1138.860015,2014-01-07,1139.689994,1121.159959,1124.999987,GOOGL,5100000
697,559.219245,1117.320052,2014-01-06,1118.860015,1106.440074,1113.010036,GOOGL,3535000
698,553.053047,1104.999987,2014-01-03,1116.930062,1104.929989,1114.999987,GOOGL,3330000
699,557.117134,1113.120033,2014-01-02,1117.750042,1108.26003,1115.459976,GOOGL,3639100
700,560.915901,1120.70997,2013-12-31,1120.999963,1106.259957,1112.240054,GOOGL,2713000
701,555.285285,1109.46,2013-12-30,1120.499975,1109.020011,1120.339979,GOOGL,2469700
702,559.759773,1118.400026,2013-12-27,1120.27998,1112.940037,1119.999987,GOOGL,3136200
703,559.289314,1117.460049,2013-12-26,1119.000011,1108.690019,1114.010011,GOOGL,2672900
704,556.476509,1111.840064,2013-12-24,1115.239981,1108.100034,1114.969988,GOOGL,1466900
705,558.1081,1115.099985,2013-12-23,1115.799968,1105.119984,1107.84004,GOOGL,3439700
706,550.860847,1100.619972,2013-12-20,1101.169959,1088.000036,1088.300029,GOOGL,6516600
707,543.653632,1086.219958,2013-12-19,1091.990061,1079.08001,1080.769969,GOOGL,3328000
708,542.917915,1084.749994,2013-12-18,1084.949989,1059.040011,1071.850064,GOOGL,4416100
709,535.465461,1069.859991,2013-12-17,1080.759969,1068.380027,1072.820041,GOOGL,3068300
710,537.027045,1072.980037,2013-12-16,1074.689995,1062.010061,1064.000012,GOOGL,3200700
711,530.92591,1060.789969,2013-12-13,1076.289956,1057.890039,1075.399978,GOOGL,4320400
712,535.51551,1069.959989,2013-12-12,1082.940038,1069.000012,1079.569998,GOOGL,3189800
713,539.184211,1077.290054,2013-12-11,1091.319955,1075.169983,1087.400051,GOOGL,3420100
714,542.872871,1084.659996,2013-12-10,1092.310053,1075.649972,1076.14996,GOOGL,3704000
715,539.609626,1078.140033,2013-12-09,1082.310053,1068.020036,1070.989964,GOOGL,2962200
716,535.470466,1069.869991,2013-12-06,1069.999988,1060.079986,1069.789993,GOOGL,2854700
717,529.199226,1057.340053,2013-12-05,1059.659996,1051.089961,1057.200056,GOOGL,2265100
718,529.619636,1058.180032,2013-12-04,1063.980013,1049.999988,1051.369954,GOOGL,2380800
719,527.157172,1053.26003,2013-12-03,1063.440026,1049.020012,1050.949965,GOOGL,3348800
720,527.767768,1054.480001,2013-12-02,1066.349955,1050.759969,1063.510024,GOOGL,2743600
721,530.325324,1059.589998,2013-11-29,1066.62007,1059.450001,1062.160057,GOOGL,2383200
722,532.087104,1063.110034,2013-11-27,1068.000036,1059.999988,1062.03006,GOOGL,2244900
723,529.734748,1058.410027,2013-11-26,1061.500073,1042.940038,1048.600022,GOOGL,4568000
724,523.488471,1045.929965,2013-11-25,1053.190032,1035.019988,1037.160057,GOOGL,3222700
725,516.461493,1031.890064,2013-11-22,1036.16996,1029.220007,1033.420027,GOOGL,2505800
726,517.552558,1034.070011,2013-11-21,1038.310029,1025.999964,1027.000061,GOOGL,2181400
727,511.666663,1022.309993,2013-11-20,1033.360028,1020.36004,1029.949989,GOOGL,1925400
728,513.113105,1025.199983,2013-11-19,1034.749994,1023.050036,1031.720068,GOOGL,2260900
729,516.291327,1031.550072,2013-11-18,1048.740019,1029.240007,1035.74997,GOOGL,3515800
730,517.297309,1033.560023,2013-11-15,1038.000037,1030.309981,1034.869991,GOOGL,2550000
731,518.133124,1035.229982,2013-11-14,1039.749994,1030.34998,1033.920014,GOOGL,2331000
732,516.751777,1032.47005,2013-11-13,1032.850041,1006.500013,1006.750007,GOOGL,3155600
733,506.396399,1011.780006,2013-11-12,1017.559987,1004.999988,1007.699984,GOOGL,2433700
734,505.800818,1010.590035,2013-11-11,1015.930027,1008.000037,1009.51,GOOGL,2222900
735,508.523536,1016.030024,2013-11-08,1018.500025,1008.500025,1008.750019,GOOGL,2579000
736,504.479499,1007.950038,2013-11-07,1023.930014,1007.639985,1022.609986,GOOGL,3355800
737,511.886908,1022.750043,2013-11-06,1027.000061,1015.37004,1025.599974,GOOGL,1823900
738,511.271277,1021.520012,2013-11-05,1031.65007,1017.41999,1020.350041,GOOGL,2360400
739,513.568549,1026.109961,2013-11-04,1032.370052,1022.03,1031.500073,GOOGL,2275300
740,514.034064,1027.04006,2013-11-01,1035.999964,1025.099986,1031.790066,GOOGL,2564000
741,515.805793,1030.579974,2013-10-31,1041.520073,1023.970013,1028.930014,GOOGL,3276700
742,515.725715,1030.419978,2013-10-30,1037.510049,1025.999964,1037.430051,GOOGL,2645500
743,518.638618,1036.239958,2013-10-29,1036.940063,1013.500025,1019.10001,GOOGL,3206700
744,508.008002,1014.999988,2013-10-28,1023.430026,1012.990037,1015.199983,GOOGL,2315000
745,508.1081,1015.199983,2013-10-25,1028.820017,1010.740031,1028.820017,GOOGL,4056900
746,513.288276,1025.549975,2013-10-24,1040.569974,1024.799993,1031.870064,GOOGL,4180000
747,516.221198,1031.409954,2013-10-23,1034.749994,1000.630034,1001.000025,GOOGL,5321000
748,504.004004,1007.000001,2013-10-22,1013.000037,995.79003,1004.999988,GOOGL,4412700
749,502.152167,1003.30003,2013-10-21,1019.000013,999.549999,1011.460014,GOOGL,7249300
750,506.211219,1011.410015,2013-10-18,1015.460038,974.000013,976.580011,GOOGL,23109600
751,444.839849,888.790019,2013-10-17,896.900004,885.730033,892.990039,GOOGL,8504600
752,449.464483,898.030038,2013-10-16,898.33003,884.010014,885.87003,GOOGL,4011100
753,441.446447,882.010002,2013-10-15,885.630035,874.000014,875.760032,GOOGL,3180600
754,438.493505,876.110024,2013-10-14,876.25002,865.390041,866.66001,GOOGL,2484700
755,436.431433,871.990002,2013-10-11,873.480027,865.299983,866.030026,GOOGL,2814900
756,434.554571,868.240033,2013-10-10,868.830019,860.209985,863.840018,GOOGL,4506000
757,428.358373,855.86003,2013-10-09,862.649986,842.98004,856.28002,GOOGL,5297200
758,427.262274,853.670023,2013-10-08,865.980027,851.630011,865.319982,GOOGL,3883500
759,433.30332,865.740033,2013-10-07,873.990015,864.110012,867.449991,GOOGL,2584600
760,436.611608,872.349994,2013-10-04,877.50999,869.99999,874.99999,GOOGL,2713200
761,438.483496,876.090024,2013-10-03,894.100012,872.10,888.000039,GOOGL,4229700
762,444.439459,887.990039,2013-10-02,889.360005,877.819982,882.729984,GOOGL,2987600
763,443.943945,887.000002,2013-10-01,887.669986,880.049989,880.249984,GOOGL,3366200
764,438.393408,875.910029,2013-09-30,880.84003,868.310031,869.080012,GOOGL,3441300
765,438.633642,876.390017,2013-09-27,877.519989,871.310019,874.819994,GOOGL,2515000
766,439.524542,878.170035,2013-09-26,882.749984,874.99999,878.300031,GOOGL,2517200
767,439.054052,877.229996,2013-09-25,886.550013,875.600036,886.550013,GOOGL,3294700
768,443.863867,886.840006,2013-09-24,890.099987,881.400017,886.500014,GOOGL,2970600
769,443.693701,886.500014,2013-09-23,901.590012,885.199985,896.150023,GOOGL,3551200
770,452.007025,903.110036,2013-09-20,904.130011,895.620036,898.390029,GOOGL,8681900
771,449.644659,898.390029,2013-09-19,905.990026,895.400041,905.990026,GOOGL,3192600
772,452.112127,903.320031,2013-09-18,903.970015,883.070037,886.350018,GOOGL,3865500
773,443.49851,886.110024,2013-09-17,888.390029,881.000026,887.409992,GOOGL,2516200
774,444.324316,887.759983,2013-09-16,897.000002,884.869993,896.200021,GOOGL,2670300
775,444.979986,889.070012,2013-09-13,895.680034,884.839994,894.500002,GOOGL,2648100
776,446.976996,893.060037,2013-09-12,897.900041,890.009989,897.399992,GOOGL,2188800
777,448.543554,896.190022,2013-09-11,896.970003,886.080024,888.540025,GOOGL,3217900
778,444.779791,888.670022,2013-09-10,892.000002,884.000014,890.019989,GOOGL,2572600
779,444.469488,888.050037,2013-09-09,889.749996,882.419992,883.730021,GOOGL,2466700
780,440.23023,879.58,2013-09-06,883.78002,873.740021,882.439991,GOOGL,3120000
781,440.220221,879.560001,2013-09-05,879.879993,871.610012,873.500027,GOOGL,2580000
782,436.251257,871.630011,2013-09-04,873.500027,855.169986,860.349982,GOOGL,4078300
783,430.620611,860.379981,2013-09-03,866.190022,853.950016,854.360006,GOOGL,4091100
784,423.873876,846.900005,2013-08-30,858.040038,845.560038,855.760033,GOOGL,3719400
785,428.143163,855.430041,2013-08-29,860.379981,848.590025,849.070013,GOOGL,2954000
786,424.699713,848.550026,2013-08-28,855.410041,847.769984,850.249984,GOOGL,2657100
787,425.500494,850.149987,2013-08-27,863.730021,847.89998,859.619999,GOOGL,3464700
788,433.628637,866.390017,2013-08-26,874.899992,866.050025,869.99999,GOOGL,2102800
789,435.540533,870.209985,2013-08-23,878.000039,869.749996,877.829982,GOOGL,2152000
790,437.292303,873.710021,2013-08-22,874.749996,870.249984,872.699985,GOOGL,1738000
791,435.100103,869.330006,2013-08-21,876.910004,866.500014,870.650035,GOOGL,3511000
792,433.143164,865.420041,2013-08-20,872.109999,863.540026,868.35003,GOOGL,2463500
793,433.258276,865.650035,2013-08-19,872.000002,857.449991,857.709985,GOOGL,3618100
794,428.883886,856.910005,2013-08-16,862.439992,856.540014,861.28002,GOOGL,3346800
795,430.260259,859.659998,2013-08-15,864.919992,858.000039,864.440004,GOOGL,3734600
796,435.340338,869.809995,2013-08-14,880.229984,867.159998,878.37003,GOOGL,4160200
797,441.066076,881.25002,2013-08-13,888.500026,876.200022,886.830006,GOOGL,2836700
798,443.198217,885.510038,2013-08-12,887.000002,881.650011,886.900004,GOOGL,2751200
799,445.650671,890.410041,2013-08-09,895.520038,889.99999,890.560037,GOOGL,2644700
800,446.77677,892.659986,2013-08-08,895.84003,885.289983,895.490039,GOOGL,2973000
801,445.770788,890.650035,2013-08-07,898.450027,889.090012,895.039989,GOOGL,2755600
802,448.73374,896.570012,2013-08-06,909.709997,895.730033,904.689997,GOOGL,3009100
803,452.952948,904.99999,2013-08-05,905.520038,899.200009,905.390041,GOOGL,2616700
804,453.738745,906.570012,2013-08-02,907.000002,900.820031,903.440028,GOOGL,3424300
805,452.562567,904.220009,2013-08-01,904.550001,894.99999,894.99999,GOOGL,4272500
806,444.319311,887.749984,2013-07-31,896.510014,886.180022,892.990039,GOOGL,4342600
807,445.90592,890.920028,2013-07-30,895.610036,880.87003,885.46004,GOOGL,3507600
808,441.576574,882.269995,2013-07-29,894.819994,880.890029,884.899992,GOOGL,3780000
809,443.118109,885.349981,2013-07-26,889.98999,882.000002,886.990002,GOOGL,3551800
810,444.294287,887.699985,2013-07-25,896.850006,886.080024,893.870017,GOOGL,5996100
811,451.901922,902.900041,2013-07-24,910.299982,900.700034,907.259995,GOOGL,4152800
812,452.352362,903.800019,2013-07-23,913.000038,899.57,910.700033,GOOGL,4087300
813,455.805823,910.700033,2013-07-22,912.669985,897.000002,902.000002,GOOGL,5800500
814,448.748755,896.600012,2013-07-19,902.95004,875.610036,886.610011,GOOGL,14703800
815,455.795813,910.680034,2013-07-18,919.999989,903.190034,918.990014,GOOGL,7261700
816,459.734747,918.550025,2013-07-17,926.860005,916.300019,921.000026,GOOGL,3009100
817,460.265265,919.609999,2013-07-16,927.970039,913.900016,927.129998,GOOGL,3962000
818,462.807806,924.689997,2013-07-15,928.000038,916.360017,924.300006,GOOGL,3917000
819,461.961981,923.000038,2013-07-12,923.000038,915.239984,919.999989,GOOGL,5131200
820,460.580572,920.239984,2013-07-11,920.810031,908.520026,913.000038,GOOGL,5163200
821,453.448462,905.990026,2013-07-10,911.140023,900.380041,903.450027,GOOGL,3413300
822,453.073065,905.239984,2013-07-09,912.950039,897.980039,911.000026,GOOGL,3954800
823,452.997992,905.089987,2013-07-08,906.27002,897.08,899.210009,GOOGL,3935000
824,447.192205,893.490027,2013-07-05,895.410041,887.339994,890.009989,GOOGL,3400300
825,443.658667,886.430016,2013-07-03,889.17001,878.500026,879.899992,GOOGL,2091900
826,441.596594,882.309994,2013-07-02,891.000026,877.269995,890.199985,GOOGL,3779200
827,444.384405,887.880041,2013-07-01,892.08,884.99999,886.450015,GOOGL,3446100
828,440.625647,880.370042,2013-06-28,881.840006,874.19001,874.899992,GOOGL,4693900
829,438.973974,877.07,2013-06-27,884.689997,876.650011,878.800019,GOOGL,3849100
830,437.262274,873.650023,2013-06-26,878.000039,870.570037,873.75002,GOOGL,3659100
831,433.533544,866.200022,2013-06-25,879.679998,864.510002,877.259996,GOOGL,5101200
832,435.330328,869.789995,2013-06-24,876.320019,863.250033,871.880005,GOOGL,6027700
833,440.90592,880.930028,2013-06-21,889.879993,873.070037,888.34003,GOOGL,7956600
834,442.812811,884.739996,2013-06-20,901.000026,883.310031,893.990014,GOOGL,6737200
835,450.790808,900.680034,2013-06-19,910.84003,897.49999,901.370017,GOOGL,5825900
836,450.760779,900.620035,2013-06-18,901.000026,888.35003,888.650023,GOOGL,4329400
837,443.568579,886.25002,2013-06-17,889.430004,878.280032,879.230009,GOOGL,4288300
838,437.957952,875.039989,2013-06-14,884.699997,874.130011,880.099987,GOOGL,4485500
839,438.93894,877.000002,2013-06-13,879.659998,865.500039,868.980015,GOOGL,4135600
840,436.426428,871.980003,2013-06-12,886.000026,869.649999,885.46004,GOOGL,4405100
841,440.345343,879.809994,2013-06-11,887.000002,879.520002,883.970015,GOOGL,3511600
842,445.555548,890.219984,2013-06-10,891.000026,880.089988,882.10,GOOGL,4670900
843,440.305304,879.729996,2013-06-07,879.99999,865.319982,870.420041,GOOGL,5343800
844,432.752752,864.639999,2013-06-06,866.330019,847.219997,864.300007,GOOGL,5153000
845,430.280279,859.699997,2013-06-05,869.450003,857.129999,862.50999,GOOGL,4209300
846,429.979986,859.100012,2013-06-04,870.590037,854.070013,867.849981,GOOGL,3733400
847,434.249243,867.629987,2013-06-03,873.970015,855.01999,873.000039,GOOGL,4946400
848,436.046057,871.220021,2013-05-31,877.000002,867.51999,868.120036,GOOGL,3934800
849,435.815832,870.760032,2013-05-30,878.900017,866.410017,869.919992,GOOGL,4237100
850,434.589605,868.310031,2013-05-29,877.990039,864.290007,875.710034,GOOGL,4022700
851,441.076086,881.27002,2013-05-28,892.139998,880.400041,883.500026,GOOGL,4510400
852,437.097113,873.320031,2013-05-24,878.820019,871.010026,875.259984,GOOGL,4589000
853,441.836828,882.789983,2013-05-23,889.959991,874.000014,877.000002,GOOGL,4545600
854,445.155157,889.420004,2013-05-22,909.310006,886.880005,902.559988,GOOGL,5116000
855,453.93894,906.970002,2013-05-21,911.66001,897.609987,908.020038,GOOGL,3962000
856,454.719732,908.530025,2013-05-20,920.600036,904.99999,904.99999,GOOGL,4540800
857,455.04505,909.18001,2013-05-17,913.490026,900.520038,910.019989,GOOGL,5578400
858,452.387396,903.870017,2013-05-16,919.97999,902.010002,919.000014,GOOGL,6412700
859,458.403418,915.890029,2013-05-15,916.380017,894.020014,895.500038,GOOGL,7963800
860,443.993994,887.10,2013-05-14,888.690022,877.139999,877.49999,GOOGL,3155400
861,439.204199,877.529989,2013-05-13,882.469991,873.380029,878.890017,GOOGL,2894100
862,440.555548,880.229984,2013-05-10,880.540038,872.159998,875.309982,GOOGL,3791600
863,436.176184,871.480015,2013-05-09,879.659998,868.230033,870.84003,GOOGL,4396700
864,437.252264,873.630023,2013-05-08,873.880017,852.910041,857.000002,GOOGL,4931600
865,429.044042,857.229997,2013-05-07,863.870018,850.670035,863.010039,GOOGL,3914000
866,431.206213,861.550013,2013-05-06,861.850006,848.260033,848.260033,GOOGL,4278300
867,423.2833,845.720034,2013-05-03,846.800007,836.000027,836.960004,GOOGL,5020100
868,415.22022,829.61,2013-05-02,834.550001,819.050014,820.099988,GOOGL,4032500
869,410.625646,820.430041,2013-05-01,824.719997,816.360018,823.260033,GOOGL,2907000
870,412.697698,824.570001,2013-04-30,827.639987,817.679986,819.000015,GOOGL,4608700
871,409.939947,819.060013,2013-04-29,822.699986,803.00004,803.250033,GOOGL,4596900
872,401.11112,801.420017,2013-04-26,807.739985,796.580013,807.599988,GOOGL,4970400
873,404.954961,809.100013,2013-04-25,816.470016,807.629988,816.250021,GOOGL,3980400
874,407.132146,813.450028,2013-04-24,818.000039,808.000039,808.110037,GOOGL,3654500
875,404.354345,807.899981,2013-04-23,815.500039,800.359982,801.000027,GOOGL,4580000
876,400.455449,800.109988,2013-04-22,803.960016,774.999991,800.600037,GOOGL,5761000
877,400.335332,799.869994,2013-04-19,803.440029,766.260021,769.160012,GOOGL,11594700
878,383.338353,765.91003,2013-04-18,785.800032,761.260021,785.349982,GOOGL,6638300
879,391.671666,782.55999,2013-04-17,790.840031,778.100037,786.750009,GOOGL,4069900
880,397.082097,793.370031,2013-04-16,796.000027,783.920017,786.590013,GOOGL,3480500
881,391.356359,781.930005,2013-04-15,797.000003,777.020003,785.950029,GOOGL,4901200
882,395.420415,790.04999,2013-04-12,792.100001,782.92998,791.990003,GOOGL,3270100
883,395.590581,790.389981,2013-04-11,793.100037,784.060014,792.879982,GOOGL,4053300
884,395.485479,790.179987,2013-04-10,792.349995,776.000028,782.919981,GOOGL,3953200
885,389.214208,777.649987,2013-04-09,783.750021,773.110037,775.50004,GOOGL,4310200
886,387.81281,774.849995,2013-04-08,779.550002,768.40003,778.750022,GOOGL,5658500
887,391.916936,783.050039,2013-04-05,786.990003,776.400018,786.060026,GOOGL,6860900
888,397.932927,795.069989,2013-04-04,805.750033,791.30002,804.250009,GOOGL,4890300
889,403.503515,806.200022,2013-04-03,814.20001,800.670035,813.460028,GOOGL,3473500
890,406.926946,813.040038,2013-04-02,814.829995,804.000015,804.540002,GOOGL,4078900
891,400.996007,801.190023,2013-04-01,802.249997,793.250034,795.009991,GOOGL,3610900
892,397.492498,794.190011,2013-03-28,805.369982,793.300032,803.990015,GOOGL,4571000
893,401.731725,802.659987,2013-03-27,807.000003,801.330019,806.680011,GOOGL,4322000
894,406.616613,812.419993,2013-03-26,814.000015,807.789984,813.500027,GOOGL,2381400
895,405.225225,809.639999,2013-03-25,819.230009,806.820007,812.409993,GOOGL,3420500
896,405.560552,810.309983,2013-03-22,815.239985,809.639999,814.739997,GOOGL,2973400
897,406.036046,811.260021,2013-03-21,816.920005,809.849994,811.29002,GOOGL,2952200
898,407.762762,814.709998,2013-03-20,817.50999,811.440016,816.830007,GOOGL,2924600
899,406.066076,811.320019,2013-03-19,819.250009,806.450016,811.240021,GOOGL,4192200
900,404.299291,807.789984,2013-03-18,812.759984,801.470016,804.999991,GOOGL,3672900
901,407.557561,814.300008,2013-03-15,820.299983,813.340031,818.500027,GOOGL,6193200
902,411.181188,821.540014,2013-03-14,826.990003,817.389993,826.990003,GOOGL,3299000
903,413.06806,825.309983,2013-03-13,830.690035,822.309995,827.899981,GOOGL,3279300
904,414.219213,827.609988,2013-03-12,831.890005,823.670023,830.710034,GOOGL,4012500
905,417.827825,834.819995,2013-03-11,839.699998,831.500015,831.69001,GOOGL,3186200
906,416.176183,831.520014,2013-03-08,834.919992,825.049989,834.500003,GOOGL,5817900
907,416.716711,832.599988,2013-03-07,836.620012,829.580001,834.060013,GOOGL,4101200
908,416.106115,831.380018,2013-03-06,844.000015,828.810019,841.030026,GOOGL,5740200
909,419.719732,838.600024,2013-03-05,840.149987,828.900017,828.930017,GOOGL,8080100
910,411.161169,821.500015,2013-03-04,822.839982,804.999991,805.299983,GOOGL,5545600
911,403.49851,806.190023,2013-03-01,807.139999,796.150024,797.799983,GOOGL,4346400
912,401.001012,801.200022,2013-02-28,806.990003,801.030027,801.100025,GOOGL,4527000
913,400.290288,799.779996,2013-02-27,804.749997,791.110025,794.799996,GOOGL,4048100
914,395.460454,790.129988,2013-02-26,795.950029,784.400006,794.999991,GOOGL,4400500
915,395.780797,790.770033,2013-02-25,808.410029,790.49004,802.299996,GOOGL,4603100
916,400.255254,799.709998,2013-02-22,801.250021,793.80002,799.260009,GOOGL,4103600
917,398.163183,795.530039,2013-02-21,805.450041,791.220022,798.00004,GOOGL,7005700
918,396.626623,792.459992,2013-02-20,808.970016,791.790008,805.299983,GOOGL,5522800
919,403.828832,806.850007,2013-02-19,807.000003,795.279984,795.990028,GOOGL,5857700
920,396.841833,792.889981,2013-02-15,793.260033,787.070001,787.399993,GOOGL,5454100
921,394.304296,787.819983,2013-02-14,788.740022,777.769984,779.729998,GOOGL,3467100
922,391.821813,782.859982,2013-02-13,785.349982,779.969992,780.129988,GOOGL,2394000
923,390.740758,780.700035,2013-02-12,787.899981,779.370006,781.750009,GOOGL,3714200
924,391.601598,782.419993,2013-02-11,783.00004,773.750022,778.40003,GOOGL,4331200
925,393.078069,785.369982,2013-02-08,786.670011,779.560002,780.129988,GOOGL,6034100
926,387.362371,773.950017,2013-02-07,778.81002,765.50004,769.699998,GOOGL,5674700
927,385.470464,770.169987,2013-02-06,772.95998,758.500028,759.070014,GOOGL,4152000
928,383.25327,765.740034,2013-02-05,771.110025,759.470004,761.130025,GOOGL,3737600
929,379.889897,759.020015,2013-02-04,770.46998,758.270033,767.689987,GOOGL,6074900
930,388.188207,775.600037,2013-02-01,776.600013,758.100038,758.200035,GOOGL,7484700
931,378.223241,755.690035,2013-01-31,757.619988,750.249985,750.51004,GOOGL,3265100
932,377.292302,753.83002,2013-01-30,760.950029,752.909981,753.740022,GOOGL,3462500
933,377.217229,753.680024,2013-01-29,756.950005,746.540015,746.75001,GOOGL,3490700
934,375.740758,750.730035,2013-01-28,755.600038,747.889982,751.760009,GOOGL,3250900
935,377.212224,753.670024,2013-01-25,758.480028,750.249985,750.770034,GOOGL,4447300
936,377.482488,754.210011,2013-01-24,756.830008,740.51004,741.240022,GOOGL,6758600
937,371.121129,741.500016,2013-01-23,749.000016,735.790033,735.990028,GOOGL,11806300
938,351.786778,702.869983,2013-01-22,705.339984,695.519979,704.66,GOOGL,7577200
939,352.60761,704.510004,2013-01-18,712.769985,701.33002,710.359983,GOOGL,6447100
940,356.016026,711.320021,2013-01-17,719.64,711.020028,717.709987,GOOGL,4418500
941,357.952947,715.189987,2013-01-16,724.340008,713.670024,722.399994,GOOGL,4042700
942,362.827825,724.929993,2013-01-15,734.999992,712.100002,719.330008,GOOGL,7847500
943,361.987004,723.250034,2013-01-14,742.199999,722.349995,737.000004,GOOGL,5722000
944,370.365361,739.989992,2013-01-11,742.429993,736.300021,742.000004,GOOGL,2567800
945,371.111119,741.480016,2013-01-10,744.999991,733.500028,742.829983,GOOGL,3667700
946,369.429448,738.120037,2013-01-09,738.350032,728.600026,732.269997,GOOGL,4045300
947,367.017034,733.300033,2013-01-08,736.300021,724.430006,735.540039,GOOGL,3348800
948,367.742742,734.749998,2013-01-07,739.380007,730.580038,735.449981,GOOGL,3308000
949,369.354344,737.96998,2013-01-04,741.470017,727.679987,729.340008,GOOGL,5521400
950,362.197209,723.670024,2013-01-03,731.930005,720.720035,724.929993,GOOGL,4631700
951,361.987004,723.250034,2013-01-02,727.000004,716.550015,719.420006,GOOGL,5077500
952,354.044041,707.379995,2012-12-31,710.570039,696.000029,699.999992,GOOGL,3990800
953,350.355351,700.009992,2012-12-28,706.910006,700.009992,701.690012,GOOGL,2801100
954,353.498509,706.290021,2012-12-27,708.84002,698.610026,707.140001,GOOGL,3291500
955,354.789799,708.870019,2012-12-26,712.879983,702.409994,708.070039,GOOGL,2362400
956,355.105107,709.500004,2012-12-24,715.179987,707.469993,714.510004,GOOGL,1680100
957,358.173192,715.630037,2012-12-21,718.82002,710.519979,713.970017,GOOGL,7044900
958,361.541539,722.359995,2012-12-20,724.65,716.970005,723.260034,GOOGL,3310600
959,360.41541,720.109989,2012-12-19,722.999979,716.680012,720.710035,GOOGL,3833300
960,360.895909,721.070027,2012-12-18,729.100014,715.049991,716.600014,GOOGL,6003700
961,360.750768,720.780034,2012-12-17,721.920006,704.020016,705.49998,GOOGL,6064700
962,351.331334,701.960005,2012-12-14,707.819984,698.43003,699.170012,GOOGL,4255900
963,351.701695,702.699987,2012-12-13,716.470017,699.550003,715.92003,GOOGL,6882900
964,349.129124,697.55999,2012-12-12,703.510028,693.480029,699.230011,GOOGL,4847100
965,348.788792,696.880007,2012-12-11,701.920006,687.719987,689.999992,GOOGL,5369800
966,343.053044,685.419982,2012-12-10,691.650013,683.790022,685.389983,GOOGL,2730600
967,342.447453,684.210011,2012-12-07,696.880007,682.419994,694.999992,GOOGL,3834700
968,345.910924,691.130025,2012-12-06,695.610038,684.510004,687.58999,GOOGL,2921600
969,344.254246,687.819984,2012-12-05,694.500004,682.329996,692.150001,GOOGL,3721000
970,345.860875,691.030028,2012-12-04,695.50998,685.700036,694.999992,GOOGL,3979400
971,347.972966,695.249986,2012-12-03,705.890031,694.110014,702.239998,GOOGL,4380600
972,349.53455,698.370032,2012-11-30,699.220011,685.690036,691.310021,GOOGL,6320800
973,346.291295,691.890007,2012-11-29,693.900019,682.000004,687.779985,GOOGL,5547400
974,342.177189,683.670025,2012-11-28,684.909994,663.890019,668.00998,GOOGL,6077900
975,335.690709,670.710036,2012-11-27,674.999992,657.99998,660.169988,GOOGL,5012300
976,330.905919,661.150025,2012-11-26,667.000005,659.020016,666.440018,GOOGL,4404700
977,334.31931,667.969981,2012-11-23,669.999992,666.100026,669.969993,GOOGL,1843100
978,333.268284,665.870032,2012-11-21,669.799997,660.399983,668.990017,GOOGL,4220100
979,335.320317,669.969993,2012-11-20,677.99998,664.570003,669.510004,GOOGL,4173200
980,334.439457,668.210036,2012-11-19,668.920019,655.52998,655.700036,GOOGL,4731600
981,323.913914,647.18,2012-11-16,653.01998,636.000029,645.990029,GOOGL,6869500
982,323.953953,647.259998,2012-11-15,659.999992,643.900019,649.999993,GOOGL,3694100
983,326.601597,652.549991,2012-11-14,662.18,650.49998,660.660037,GOOGL,3333400
984,329.854863,659.050016,2012-11-13,667.59999,658.230036,662.99998,GOOGL,3185200
985,333.283299,665.900031,2012-11-12,669.799997,660.870032,663.750023,GOOGL,2808900
986,331.846837,663.029979,2012-11-09,668.340033,650.299985,654.650001,GOOGL,6221900
987,326.47147,652.289998,2012-11-08,671.490017,651.230023,670.199987,GOOGL,5188800
988,333.893895,667.120002,2012-11-07,678.230035,666.490017,674.999992,GOOGL,4460100
989,341.201207,681.720011,2012-11-06,686.500016,677.549991,685.47998,GOOGL,3162400
990,341.821812,682.959981,2012-11-05,686.860008,675.559979,684.500004,GOOGL,3268500
991,344.304295,687.919982,2012-11-02,695.549979,687.369995,694.789997,GOOGL,4644100
992,344.139134,687.58999,2012-11-01,690.900031,678.720023,679.500004,GOOGL,4096000
993,340.490483,680.299985,2012-10-31,681.000029,674.999992,679.859996,GOOGL,3070900
994,337.912907,675.149989,2012-10-26,683.029979,671.200024,676.500017,GOOGL,3897600
995,339.219212,677.759986,2012-10-25,682.000004,673.510029,679.999992,GOOGL,4797300
996,338.988988,677.299997,2012-10-24,687.000004,675.269986,686.800009,GOOGL,4988000
997,340.515507,680.349984,2012-10-23,687.329996,672.000004,672.010004,GOOGL,5827300
998,339.674687,678.670025,2012-10-22,684.630001,669.70,681.010028,GOOGL,8103000
999,341.236241,681.790009,2012-10-19,706.700011,672.000004,705.580039,GOOGL,22941400
1000,347.847844,694.999992,2012-10-18,759.420005,676.000029,755.540039,GOOGL,24859900
1001,378.123113,755.489979,2012-10-17,756.34002,740.259985,743.950017,GOOGL,4581200
1002,372.722722,744.699999,2012-10-16,746.990004,736.460017,740.129988,GOOGL,4112200
1003,370.860875,740.980029,2012-10-15,743.83002,730.700035,741.940005,GOOGL,6032100
